,from_territory_id,to_territory_id,n_people,year
0,3,3138,67,2019
1,4,3138,69,2019
2,5,35,2,2019
3,5,36,1,2019
4,5,42,1,2019
5,5,44,1,2019
6,5,73,1,2019
7,5,111,1,2019
8,5,186,1,2019
9,5,3138,298,2019
10,6,35,1,2019
11,6,3138,138,2019
12,7,35,1,2019
13,7,36,1,2019
14,7,42,1,2019
15,7,44,1,2019
16,7,186,1,2019
17,7,3138,250,2019
18,8,3138,50,2019
19,9,35,1,2019
20,9,3138,133,2019
21,11,3138,47,2019
22,12,3138,76,2019
23,13,3138,43,2019
24,14,3138,39,2019
25,15,35,1,2019
26,15,3138,147,2019
27,16,3138,58,2019
28,17,3138,50,2019
29,19,35,1,2019
30,19,3138,144,2019
31,21,3138,43,2019
32,22,3138,30,2019
33,24,3138,66,2019
34,25,3138,11,2019
35,26,3138,60,2019
36,28,3138,27,2019
37,29,35,2,2019
38,29,36,1,2019
39,29,42,1,2019
40,29,44,1,2019
41,29,73,1,2019
42,29,111,1,2019
43,29,186,1,2019
44,29,3138,317,2019
45,30,3138,45,2019
46,31,3138,21,2019
47,32,3138,44,2019
48,33,3138,37,2019
49,35,29,1,2019
50,35,36,1,2019
51,35,42,1,2019
52,35,44,1,2019
53,35,60,1,2019
54,35,73,1,2019
55,35,111,1,2019
56,35,180,1,2019
57,35,186,1,2019
58,35,3138,359,2019
59,36,5,1,2019
60,36,7,1,2019
61,36,15,1,2019
62,36,29,1,2019
63,36,35,5,2019
64,36,40,1,2019
65,36,42,2,2019
66,36,44,2,2019
67,36,50,1,2019
68,36,51,1,2019
69,36,60,1,2019
70,36,73,1,2019
71,36,103,1,2019
72,36,109,1,2019
73,36,111,1,2019
74,36,117,1,2019
75,36,135,1,2019
76,36,136,1,2019
77,36,149,1,2019
78,36,158,1,2019
79,36,169,1,2019
80,36,180,1,2019
81,36,186,3,2019
82,36,200,1,2019
83,36,3138,816,2019
84,37,35,1,2019
85,37,3138,110,2019
86,38,35,1,2019
87,38,3138,94,2019
88,40,3138,53,2019
89,41,35,1,2019
90,41,3138,93,2019
91,42,35,2,2019
92,42,36,1,2019
93,42,44,1,2019
94,42,186,1,2019
95,42,3138,267,2019
96,44,35,1,2019
97,44,186,1,2019
98,44,3138,152,2019
99,45,3138,37,2019
100,46,3138,66,2019
101,47,3138,73,2019
102,48,35,1,2019
103,48,3138,149,2019
104,49,35,1,2019
105,49,3138,118,2019
106,50,35,1,2019
107,50,36,1,2019
108,50,44,1,2019
109,50,186,1,2019
110,50,3138,212,2019
111,51,3138,78,2019
112,52,3138,59,2019
113,53,3138,53,2019
114,55,35,1,2019
115,55,3138,96,2019
116,56,3138,70,2019
117,57,3138,7,2019
118,58,3138,55,2019
119,59,35,1,2019
120,59,3138,116,2019
121,60,7,1,2019
122,60,29,1,2019
123,60,35,2,2019
124,60,36,1,2019
125,60,42,1,2019
126,60,44,1,2019
127,60,73,1,2019
128,60,111,1,2019
129,60,180,1,2019
130,60,186,1,2019
131,60,3138,436,2019
132,61,3138,79,2019
133,62,35,1,2019
134,62,3138,87,2019
135,63,35,1,2019
136,63,186,1,2019
137,63,3138,160,2019
138,64,3138,81,2019
139,65,3138,71,2019
140,66,3138,39,2019
141,68,3138,37,2019
142,69,3138,63,2019
143,70,3138,68,2019
144,71,3138,54,2019
145,72,3138,62,2019
146,73,7,1,2019
147,73,29,1,2019
148,73,35,3,2019
149,73,36,1,2019
150,73,42,1,2019
151,73,44,1,2019
152,73,60,1,2019
153,73,111,1,2019
154,73,180,1,2019
155,73,186,1,2019
156,73,3138,444,2019
157,74,3138,42,2019
158,75,3138,44,2019
159,76,3138,53,2019
160,77,35,1,2019
161,77,3138,97,2019
162,78,3138,69,2019
163,79,3138,38,2019
164,80,3138,62,2019
165,81,3138,30,2019
166,82,35,1,2019
167,82,3138,130,2019
168,83,3138,27,2019
169,84,3138,45,2019
170,86,3138,9,2019
171,87,3138,17,2019
172,88,3138,13,2019
173,89,3138,10,2019
174,91,35,1,2019
175,91,36,1,2019
176,91,44,1,2019
177,91,186,1,2019
178,91,3138,227,2019
179,92,3138,24,2019
180,93,3138,23,2019
181,94,3138,12,2019
182,95,3138,6,2019
183,96,3138,62,2019
184,99,3138,54,2019
185,101,3138,68,2019
186,103,35,1,2019
187,103,36,1,2019
188,103,44,1,2019
189,103,186,1,2019
190,103,3138,190,2019
191,105,3138,41,2019
192,107,3138,39,2019
193,109,35,1,2019
194,109,3138,149,2019
195,110,3138,38,2019
196,111,35,1,2019
197,111,36,1,2019
198,111,186,1,2019
199,111,3138,187,2019
200,112,3138,75,2019
201,113,35,1,2019
202,113,186,1,2019
203,113,3138,152,2019
204,114,3138,62,2019
205,115,35,1,2019
206,115,3138,139,2019
207,117,35,1,2019
208,117,36,1,2019
209,117,186,1,2019
210,117,3138,177,2019
211,118,3138,80,2019
212,119,3138,35,2019
213,120,3138,59,2019
214,121,3138,54,2019
215,123,3138,34,2019
216,124,3138,36,2019
217,125,3138,24,2019
218,126,3138,20,2019
219,127,3138,38,2019
220,128,3138,77,2019
221,129,3138,20,2019
222,130,3138,37,2019
223,131,3138,43,2019
224,132,3138,10,2019
225,133,3138,24,2019
226,134,3138,20,2019
227,135,3138,61,2019
228,136,3138,56,2019
229,137,3138,30,2019
230,139,3138,25,2019
231,140,3138,63,2019
232,141,3138,22,2019
233,143,3138,43,2019
234,144,3138,31,2019
235,145,3138,39,2019
236,146,3138,63,2019
237,147,3138,28,2019
238,148,3138,49,2019
239,149,35,2,2019
240,149,36,1,2019
241,149,42,1,2019
242,149,44,1,2019
243,149,186,1,2019
244,149,3138,262,2019
245,150,3138,27,2019
246,151,3138,12,2019
247,152,3138,44,2019
248,154,3138,72,2019
249,155,3138,38,2019
250,156,3138,51,2019
251,158,35,1,2019
252,158,36,1,2019
253,158,186,1,2019
254,158,3138,181,2019
255,160,3138,22,2019
256,161,3138,81,2019
257,163,3138,18,2019
258,164,3138,16,2019
259,165,3138,26,2019
260,167,3138,71,2019
261,168,3138,13,2019
262,169,35,1,2019
263,169,36,1,2019
264,169,42,1,2019
265,169,44,1,2019
266,169,186,1,2019
267,169,3138,255,2019
268,170,3138,77,2019
269,171,3138,24,2019
270,173,35,1,2019
271,173,3138,119,2019
272,175,3138,43,2019
273,176,3138,16,2019
274,177,3138,52,2019
275,178,3138,24,2019
276,180,29,1,2019
277,180,35,2,2019
278,180,36,1,2019
279,180,42,1,2019
280,180,44,1,2019
281,180,73,1,2019
282,180,111,1,2019
283,180,186,1,2019
284,180,3138,324,2019
285,181,3138,48,2019
286,185,3138,71,2019
287,186,5,1,2019
288,186,7,1,2019
289,186,29,1,2019
290,186,35,4,2019
291,186,36,2,2019
292,186,40,1,2019
293,186,42,2,2019
294,186,44,2,2019
295,186,50,1,2019
296,186,51,1,2019
297,186,60,1,2019
298,186,73,1,2019
299,186,103,1,2019
300,186,109,1,2019
301,186,111,1,2019
302,186,117,1,2019
303,186,135,1,2019
304,186,136,1,2019
305,186,149,1,2019
306,186,158,1,2019
307,186,169,1,2019
308,186,180,1,2019
309,186,3138,731,2019
310,187,3138,44,2019
311,188,3138,24,2019
312,190,3138,22,2019
313,192,3138,52,2019
314,194,3138,52,2019
315,195,3138,18,2019
316,196,35,1,2019
317,196,3138,112,2019
318,197,35,1,2019
319,197,186,1,2019
320,197,3138,151,2019
321,198,3138,17,2019
322,199,3138,77,2019
323,200,35,1,2019
324,200,36,1,2019
325,200,44,1,2019
326,200,186,1,2019
327,200,3138,229,2019
328,201,3138,5,2019
329,202,3138,19,2019
330,203,3138,12,2019
331,204,3138,57,2019
332,205,3138,11,2019
333,206,3138,58,2019
334,3138,3,81,2019
335,3138,4,34,2019
336,3138,5,222,2019
337,3138,6,109,2019
338,3138,7,227,2019
339,3138,8,26,2019
340,3138,9,73,2019
341,3138,11,35,2019
342,3138,12,93,2019
343,3138,13,23,2019
344,3138,14,40,2019
345,3138,15,126,2019
346,3138,16,45,2019
347,3138,17,49,2019
348,3138,19,103,2019
349,3138,21,8,2019
350,3138,22,24,2019
351,3138,24,36,2019
352,3138,25,7,2019
353,3138,26,54,2019
354,3138,28,11,2019
355,3138,29,312,2019
356,3138,30,14,2019
357,3138,31,17,2019
358,3138,32,15,2019
359,3138,33,23,2019
360,3138,35,1133,2019
361,3138,36,563,2019
362,3138,37,118,2019
363,3138,38,70,2019
364,3138,40,153,2019
365,3138,41,61,2019
366,3138,42,414,2019
367,3138,44,523,2019
368,3138,45,58,2019
369,3138,46,52,2019
370,3138,47,91,2019
371,3138,48,113,2019
372,3138,49,88,2019
373,3138,50,204,2019
374,3138,51,139,2019
375,3138,52,93,2019
376,3138,53,37,2019
377,3138,55,68,2019
378,3138,56,44,2019
379,3138,57,8,2019
380,3138,58,40,2019
381,3138,59,119,2019
382,3138,60,293,2019
383,3138,61,32,2019
384,3138,62,55,2019
385,3138,63,86,2019
386,3138,64,69,2019
387,3138,65,42,2019
388,3138,66,40,2019
389,3138,68,6,2019
390,3138,69,34,2019
391,3138,70,25,2019
392,3138,71,18,2019
393,3138,72,28,2019
394,3138,73,334,2019
395,3138,74,15,2019
396,3138,75,21,2019
397,3138,76,13,2019
398,3138,77,64,2019
399,3138,78,35,2019
400,3138,79,12,2019
401,3138,80,47,2019
402,3138,81,17,2019
403,3138,82,60,2019
404,3138,83,13,2019
405,3138,84,18,2019
406,3138,86,4,2019
407,3138,87,11,2019
408,3138,88,8,2019
409,3138,89,4,2019
410,3138,91,91,2019
411,3138,92,20,2019
412,3138,93,11,2019
413,3138,94,9,2019
414,3138,95,3,2019
415,3138,96,41,2019
416,3138,99,15,2019
417,3138,101,14,2019
418,3138,103,204,2019
419,3138,105,17,2019
420,3138,107,53,2019
421,3138,109,174,2019
422,3138,110,55,2019
423,3138,111,339,2019
424,3138,112,29,2019
425,3138,113,106,2019
426,3138,114,33,2019
427,3138,115,87,2019
428,3138,117,166,2019
429,3138,118,55,2019
430,3138,119,18,2019
431,3138,120,40,2019
432,3138,121,24,2019
433,3138,123,50,2019
434,3138,124,20,2019
435,3138,125,31,2019
436,3138,126,48,2019
437,3138,127,18,2019
438,3138,128,87,2019
439,3138,129,17,2019
440,3138,130,47,2019
441,3138,131,35,2019
442,3138,132,23,2019
443,3138,133,12,2019
444,3138,134,34,2019
445,3138,135,164,2019
446,3138,136,169,2019
447,3138,137,22,2019
448,3138,139,15,2019
449,3138,140,18,2019
450,3138,141,4,2019
451,3138,143,32,2019
452,3138,144,11,2019
453,3138,145,22,2019
454,3138,146,31,2019
455,3138,147,34,2019
456,3138,148,17,2019
457,3138,149,223,2019
458,3138,150,6,2019
459,3138,151,6,2019
460,3138,152,33,2019
461,3138,154,15,2019
462,3138,155,10,2019
463,3138,156,26,2019
464,3138,158,158,2019
465,3138,160,16,2019
466,3138,161,71,2019
467,3138,163,17,2019
468,3138,164,6,2019
469,3138,165,8,2019
470,3138,167,33,2019
471,3138,168,8,2019
472,3138,169,197,2019
473,3138,170,41,2019
474,3138,171,19,2019
475,3138,173,77,2019
476,3138,175,33,2019
477,3138,176,20,2019
478,3138,177,12,2019
479,3138,178,8,2019
480,3138,180,282,2019
481,3138,181,12,2019
482,3138,185,50,2019
483,3138,186,661,2019
484,3138,187,35,2019
485,3138,188,15,2019
486,3138,190,23,2019
487,3138,192,36,2019
488,3138,194,31,2019
489,3138,195,4,2019
490,3138,196,68,2019
491,3138,197,90,2019
492,3138,198,11,2019
493,3138,199,47,2019
494,3138,200,130,2019
495,3138,201,3,2019
496,3138,202,31,2019
497,3138,203,11,2019
498,3138,204,21,2019
499,3138,205,4,2019
500,3138,206,12,2019
0,0,3,68,2019
1,0,4,67,2019
2,0,5,345,2019
3,0,6,137,2019
4,0,7,537,2019
5,0,8,61,2019
6,0,9,123,2019
7,0,11,137,2019
8,0,12,185,2019
9,0,13,52,2019
10,0,14,40,2019
11,0,15,445,2019
12,0,16,61,2019
13,0,17,184,2019
14,0,19,199,2019
15,0,21,35,2019
16,0,22,42,2019
17,0,24,123,2019
18,0,25,25,2019
19,0,26,136,2019
20,0,28,35,2019
21,0,29,794,2019
22,0,30,53,2019
23,0,31,52,2019
24,0,32,43,2019
25,0,33,75,2019
26,0,35,14783,2019
27,0,36,4624,2019
28,0,37,403,2019
29,0,38,262,2019
30,0,40,579,2019
31,0,41,470,2019
32,0,42,3649,2019
33,0,44,4688,2019
34,0,45,564,2019
35,0,46,252,2019
36,0,47,481,2019
37,0,48,511,2019
38,0,49,481,2019
39,0,50,2014,2019
40,0,51,1164,2019
41,0,52,844,2019
42,0,53,338,2019
43,0,55,444,2019
44,0,56,69,2019
45,0,57,18,2019
46,0,58,155,2019
47,0,59,625,2019
48,0,60,1341,2019
49,0,61,115,2019
50,0,62,81,2019
51,0,63,643,2019
52,0,64,616,2019
53,0,65,134,2019
54,0,66,111,2019
55,0,68,31,2019
56,0,69,71,2019
57,0,70,92,2019
58,0,71,68,2019
59,0,72,157,2019
60,0,73,1055,2019
61,0,74,63,2019
62,0,75,78,2019
63,0,76,92,2019
64,0,77,615,2019
65,0,78,190,2019
66,0,79,65,2019
67,0,80,167,2019
68,0,81,75,2019
69,0,82,152,2019
70,0,83,90,2019
71,0,84,71,2019
72,0,86,24,2019
73,0,87,230,2019
74,0,88,72,2019
75,0,89,22,2019
76,0,91,1035,2019
77,0,92,53,2019
78,0,93,58,2019
79,0,94,237,2019
80,0,95,16,2019
81,0,96,252,2019
82,0,99,35,2019
83,0,101,45,2019
84,0,103,847,2019
85,0,105,41,2019
86,0,107,160,2019
87,0,109,1077,2019
88,0,110,125,2019
89,0,111,955,2019
90,0,112,116,2019
91,0,113,626,2019
92,0,114,146,2019
93,0,115,478,2019
94,0,117,339,2019
95,0,118,54,2019
96,0,119,25,2019
97,0,120,77,2019
98,0,121,84,2019
99,0,123,379,2019
100,0,124,126,2019
101,0,125,125,2019
102,0,126,348,2019
103,0,127,78,2019
104,0,128,567,2019
105,0,129,143,2019
106,0,130,266,2019
107,0,131,250,2019
108,0,132,273,2019
109,0,133,154,2019
110,0,134,482,2019
111,0,135,1746,2019
112,0,136,1463,2019
113,0,137,72,2019
114,0,139,42,2019
115,0,140,35,2019
116,0,141,19,2019
117,0,143,93,2019
118,0,144,57,2019
119,0,145,43,2019
120,0,146,97,2019
121,0,147,118,2019
122,0,148,68,2019
123,0,149,930,2019
124,0,150,23,2019
125,0,151,20,2019
126,0,152,82,2019
127,0,154,46,2019
128,0,155,29,2019
129,0,156,104,2019
130,0,158,337,2019
131,0,160,65,2019
132,0,161,343,2019
133,0,163,72,2019
134,0,164,24,2019
135,0,165,52,2019
136,0,167,183,2019
137,0,168,24,2019
138,0,169,627,2019
139,0,170,210,2019
140,0,171,64,2019
141,0,173,161,2019
142,0,175,68,2019
143,0,176,32,2019
144,0,177,130,2019
145,0,178,39,2019
146,0,180,1308,2019
147,0,181,120,2019
148,0,185,77,2019
149,0,186,2043,2019
150,0,187,27,2019
151,0,188,26,2019
152,0,190,19,2019
153,0,192,73,2019
154,0,194,853,2019
155,0,195,61,2019
156,0,196,238,2019
157,0,197,713,2019
158,0,198,89,2019
159,0,199,366,2019
160,0,200,1041,2019
161,0,201,17,2019
162,0,202,307,2019
163,0,203,39,2019
164,0,204,207,2019
165,0,205,52,2019
166,0,206,31,2019
167,0,3138,163919,2019
0,3,0,55,2019
1,4,0,55,2019
2,5,0,338,2019
3,6,0,121,2019
4,7,0,524,2019
5,8,0,65,2019
6,9,0,85,2019
7,11,0,83,2019
8,12,0,157,2019
9,13,0,46,2019
10,14,0,28,2019
11,15,0,384,2019
12,16,0,40,2019
13,17,0,145,2019
14,19,0,165,2019
15,21,0,76,2019
16,22,0,43,2019
17,24,0,108,2019
18,25,0,40,2019
19,26,0,132,2019
20,28,0,28,2019
21,29,0,775,2019
22,30,0,44,2019
23,31,0,41,2019
24,32,0,40,2019
25,33,0,54,2019
26,35,0,3507,2019
27,36,0,3981,2019
28,37,0,285,2019
29,38,0,210,2019
30,40,0,125,2019
31,41,0,341,2019
32,42,0,1747,2019
33,44,0,892,2019
34,45,0,192,2019
35,46,0,140,2019
36,47,0,294,2019
37,48,0,378,2019
38,49,0,294,2019
39,50,0,1000,2019
40,51,0,471,2019
41,52,0,391,2019
42,53,0,202,2019
43,55,0,391,2019
44,56,0,122,2019
45,57,0,18,2019
46,58,0,258,2019
47,59,0,392,2019
48,60,0,1692,2019
49,61,0,195,2019
50,62,0,108,2019
51,63,0,465,2019
52,64,0,310,2019
53,65,0,131,2019
54,66,0,121,2019
55,68,0,99,2019
56,69,0,158,2019
57,70,0,200,2019
58,71,0,151,2019
59,72,0,436,2019
60,73,0,2251,2019
61,74,0,153,2019
62,75,0,156,2019
63,76,0,162,2019
64,77,0,815,2019
65,78,0,231,2019
66,79,0,240,2019
67,80,0,223,2019
68,81,0,111,2019
69,82,0,448,2019
70,83,0,243,2019
71,84,0,229,2019
72,86,0,55,2019
73,87,0,394,2019
74,88,0,80,2019
75,89,0,29,2019
76,91,0,1208,2019
77,92,0,65,2019
78,93,0,51,2019
79,94,0,194,2019
80,95,0,29,2019
81,96,0,509,2019
82,99,0,75,2019
83,101,0,73,2019
84,103,0,777,2019
85,105,0,98,2019
86,107,0,136,2019
87,109,0,771,2019
88,110,0,82,2019
89,111,0,803,2019
90,112,0,85,2019
91,113,0,482,2019
92,114,0,321,2019
93,115,0,342,2019
94,117,0,433,2019
95,118,0,64,2019
96,119,0,32,2019
97,120,0,83,2019
98,121,0,92,2019
99,123,0,130,2019
100,124,0,131,2019
101,125,0,109,2019
102,126,0,131,2019
103,127,0,72,2019
104,128,0,279,2019
105,129,0,79,2019
106,130,0,165,2019
107,131,0,255,2019
108,132,0,146,2019
109,133,0,138,2019
110,134,0,225,2019
111,135,0,553,2019
112,136,0,569,2019
113,137,0,71,2019
114,139,0,54,2019
115,140,0,107,2019
116,141,0,57,2019
117,143,0,62,2019
118,144,0,73,2019
119,145,0,49,2019
120,146,0,121,2019
121,147,0,127,2019
122,148,0,130,2019
123,149,0,885,2019
124,150,0,52,2019
125,151,0,42,2019
126,152,0,112,2019
127,154,0,80,2019
128,155,0,54,2019
129,156,0,103,2019
130,158,0,425,2019
131,160,0,52,2019
132,161,0,242,2019
133,163,0,68,2019
134,164,0,48,2019
135,165,0,39,2019
136,167,0,105,2019
137,168,0,31,2019
138,169,0,777,2019
139,170,0,220,2019
140,171,0,95,2019
141,173,0,167,2019
142,175,0,64,2019
143,176,0,34,2019
144,177,0,44,2019
145,178,0,18,2019
146,180,0,1051,2019
147,181,0,105,2019
148,185,0,49,2019
149,186,0,1597,2019
150,187,0,30,2019
151,188,0,30,2019
152,190,0,13,2019
153,192,0,36,2019
154,194,0,891,2019
155,195,0,73,2019
156,196,0,229,2019
157,197,0,664,2019
158,198,0,98,2019
159,199,0,424,2019
160,200,0,1150,2019
161,201,0,19,2019
162,202,0,208,2019
163,203,0,50,2019
164,204,0,266,2019
165,205,0,47,2019
166,206,0,93,2019
167,3138,0,149437,2019
0,3,35,1,2020
1,3,3138,79,2020
2,4,3138,46,2020
3,6,35,1,2020
4,6,3138,123,2020
5,9,35,1,2020
6,9,3138,129,2020
7,11,35,1,2020
8,11,3138,132,2020
9,13,3138,19,2020
10,21,3138,45,2020
11,24,3138,49,2020
12,25,3138,18,2020
13,28,3138,30,2020
14,30,3138,25,2020
15,31,3138,55,2020
16,32,3138,16,2020
17,33,3138,41,2020
18,35,50,1,2020
19,35,3138,487,2020
20,37,35,1,2020
21,37,3138,108,2020
22,38,35,1,2020
23,38,3138,88,2020
24,40,3138,52,2020
25,41,35,1,2020
26,41,3138,82,2020
27,45,3138,31,2020
28,46,3138,47,2020
29,47,35,1,2020
30,47,3138,117,2020
31,49,35,1,2020
32,49,3138,108,2020
33,50,35,1,2020
34,50,3138,175,2020
35,52,3138,64,2020
36,53,3138,47,2020
37,56,3138,27,2020
38,58,35,1,2020
39,58,3138,77,2020
40,59,35,1,2020
41,59,3138,110,2020
42,62,3138,36,2020
43,63,3138,65,2020
44,65,3138,41,2020
45,66,3138,40,2020
46,68,3138,22,2020
47,70,3138,45,2020
48,71,3138,33,2020
49,72,3138,61,2020
50,74,3138,32,2020
51,75,3138,32,2020
52,76,3138,30,2020
53,78,3138,43,2020
54,80,3138,63,2020
55,81,3138,31,2020
56,82,35,1,2020
57,82,3138,112,2020
58,84,3138,38,2020
59,86,3138,15,2020
60,88,3138,14,2020
61,89,3138,7,2020
62,93,3138,11,2020
63,94,3138,39,2020
64,95,3138,4,2020
65,99,3138,27,2020
66,101,3138,54,2020
67,107,3138,62,2020
68,110,35,1,2020
69,110,3138,74,2020
70,114,3138,63,2020
71,115,35,1,2020
72,115,3138,116,2020
73,119,3138,14,2020
74,124,3138,27,2020
75,125,3138,16,2020
76,127,3138,20,2020
77,128,35,1,2020
78,128,3138,80,2020
79,129,3138,10,2020
80,130,3138,36,2020
81,131,3138,55,2020
82,132,3138,11,2020
83,133,3138,15,2020
84,135,35,1,2020
85,135,3138,66,2020
86,136,35,1,2020
87,136,3138,79,2020
88,137,3138,30,2020
89,139,3138,18,2020
90,140,3138,39,2020
91,141,3138,21,2020
92,144,3138,34,2020
93,145,3138,29,2020
94,146,3138,19,2020
95,148,3138,28,2020
96,151,3138,7,2020
97,152,3138,30,2020
98,154,3138,40,2020
99,156,3138,31,2020
100,160,3138,19,2020
101,161,35,1,2020
102,161,3138,99,2020
103,163,3138,39,2020
104,165,3138,16,2020
105,167,3138,60,2020
106,170,35,1,2020
107,170,3138,103,2020
108,171,3138,34,2020
109,173,35,1,2020
110,173,3138,76,2020
111,175,3138,39,2020
112,176,3138,26,2020
113,185,3138,60,2020
114,188,3138,21,2020
115,192,3138,41,2020
116,194,3138,52,2020
117,199,35,1,2020
118,199,3138,81,2020
119,201,3138,5,2020
120,202,3138,19,2020
121,203,3138,23,2020
122,204,3138,31,2020
123,205,3138,12,2020
124,3138,3,63,2020
125,3138,4,59,2020
126,3138,6,113,2020
127,3138,9,62,2020
128,3138,11,89,2020
129,3138,13,22,2020
130,3138,21,13,2020
131,3138,24,37,2020
132,3138,25,9,2020
133,3138,28,18,2020
134,3138,30,22,2020
135,3138,31,16,2020
136,3138,32,9,2020
137,3138,33,29,2020
138,3138,35,1339,2020
139,3138,37,93,2020
140,3138,38,72,2020
141,3138,40,158,2020
142,3138,41,52,2020
143,3138,45,52,2020
144,3138,46,51,2020
145,3138,47,70,2020
146,3138,49,86,2020
147,3138,50,221,2020
148,3138,52,99,2020
149,3138,53,63,2020
150,3138,56,21,2020
151,3138,58,14,2020
152,3138,59,70,2020
153,3138,62,11,2020
154,3138,63,93,2020
155,3138,65,17,2020
156,3138,66,22,2020
157,3138,68,9,2020
158,3138,70,31,2020
159,3138,71,16,2020
160,3138,72,17,2020
161,3138,74,13,2020
162,3138,75,17,2020
163,3138,76,11,2020
164,3138,78,27,2020
165,3138,80,65,2020
166,3138,81,6,2020
167,3138,82,36,2020
168,3138,84,11,2020
169,3138,86,17,2020
170,3138,88,10,2020
171,3138,89,9,2020
172,3138,93,3,2020
173,3138,94,17,2020
174,3138,95,5,2020
175,3138,99,6,2020
176,3138,101,10,2020
177,3138,107,43,2020
178,3138,110,40,2020
179,3138,114,42,2020
180,3138,115,70,2020
181,3138,119,26,2020
182,3138,124,23,2020
183,3138,125,23,2020
184,3138,127,13,2020
185,3138,128,59,2020
186,3138,129,18,2020
187,3138,130,37,2020
188,3138,131,45,2020
189,3138,132,28,2020
190,3138,133,12,2020
191,3138,135,113,2020
192,3138,136,157,2020
193,3138,137,31,2020
194,3138,139,9,2020
195,3138,140,32,2020
196,3138,141,6,2020
197,3138,144,17,2020
198,3138,145,30,2020
199,3138,146,34,2020
200,3138,148,10,2020
201,3138,151,5,2020
202,3138,152,15,2020
203,3138,154,14,2020
204,3138,156,15,2020
205,3138,160,20,2020
206,3138,161,89,2020
207,3138,163,27,2020
208,3138,165,5,2020
209,3138,167,32,2020
210,3138,170,43,2020
211,3138,171,47,2020
212,3138,173,71,2020
213,3138,175,21,2020
214,3138,176,22,2020
215,3138,185,27,2020
216,3138,188,24,2020
217,3138,192,41,2020
218,3138,194,37,2020
219,3138,199,26,2020
220,3138,201,3,2020
221,3138,202,13,2020
222,3138,203,6,2020
223,3138,204,14,2020
224,3138,205,9,2020
0,0,3,104,2020
1,0,4,53,2020
2,0,6,133,2020
3,0,9,148,2020
4,0,11,285,2020
5,0,13,36,2020
6,0,21,30,2020
7,0,24,109,2020
8,0,25,32,2020
9,0,28,40,2020
10,0,30,69,2020
11,0,31,44,2020
12,0,32,41,2020
13,0,33,71,2020
14,0,35,13551,2020
15,0,37,405,2020
16,0,38,330,2020
17,0,40,482,2020
18,0,41,399,2020
19,0,45,461,2020
20,0,46,268,2020
21,0,47,410,2020
22,0,49,474,2020
23,0,50,2019,2020
24,0,52,890,2020
25,0,53,279,2020
26,0,56,46,2020
27,0,58,91,2020
28,0,59,436,2020
29,0,62,36,2020
30,0,63,582,2020
31,0,65,49,2020
32,0,66,126,2020
33,0,68,57,2020
34,0,70,138,2020
35,0,71,50,2020
36,0,72,139,2020
37,0,74,63,2020
38,0,75,76,2020
39,0,76,57,2020
40,0,78,133,2020
41,0,80,181,2020
42,0,81,52,2020
43,0,82,167,2020
44,0,84,99,2020
45,0,86,38,2020
46,0,88,62,2020
47,0,89,33,2020
48,0,93,40,2020
49,0,94,264,2020
50,0,95,15,2020
51,0,99,24,2020
52,0,101,29,2020
53,0,107,130,2020
54,0,110,116,2020
55,0,114,162,2020
56,0,115,183,2020
57,0,119,37,2020
58,0,124,81,2020
59,0,125,162,2020
60,0,127,71,2020
61,0,128,358,2020
62,0,129,88,2020
63,0,130,190,2020
64,0,131,140,2020
65,0,132,183,2020
66,0,133,173,2020
67,0,135,1394,2020
68,0,136,1527,2020
69,0,137,96,2020
70,0,139,42,2020
71,0,140,57,2020
72,0,141,13,2020
73,0,144,63,2020
74,0,145,73,2020
75,0,146,140,2020
76,0,148,45,2020
77,0,151,24,2020
78,0,152,46,2020
79,0,154,34,2020
80,0,156,70,2020
81,0,160,83,2020
82,0,161,297,2020
83,0,163,54,2020
84,0,165,31,2020
85,0,167,122,2020
86,0,170,240,2020
87,0,171,68,2020
88,0,173,106,2020
89,0,175,95,2020
90,0,176,37,2020
91,0,185,41,2020
92,0,188,24,2020
93,0,192,46,2020
94,0,194,599,2020
95,0,199,205,2020
96,0,201,5,2020
97,0,202,173,2020
98,0,203,20,2020
99,0,204,115,2020
100,0,205,23,2020
101,0,3138,134685,2020
0,3,0,60,2020
1,4,0,58,2020
2,6,0,87,2020
3,9,0,175,2020
4,11,0,228,2020
5,13,0,41,2020
6,21,0,45,2020
7,24,0,106,2020
8,25,0,27,2020
9,28,0,33,2020
10,30,0,34,2020
11,31,0,24,2020
12,32,0,39,2020
13,33,0,39,2020
14,35,0,4015,2020
15,37,0,226,2020
16,38,0,228,2020
17,40,0,138,2020
18,41,0,270,2020
19,45,0,176,2020
20,46,0,167,2020
21,47,0,253,2020
22,49,0,275,2020
23,50,0,891,2020
24,52,0,399,2020
25,53,0,165,2020
26,56,0,87,2020
27,58,0,184,2020
28,59,0,448,2020
29,62,0,86,2020
30,63,0,407,2020
31,65,0,135,2020
32,66,0,123,2020
33,68,0,97,2020
34,70,0,183,2020
35,71,0,119,2020
36,72,0,345,2020
37,74,0,128,2020
38,75,0,114,2020
39,76,0,150,2020
40,78,0,209,2020
41,80,0,258,2020
42,81,0,113,2020
43,82,0,373,2020
44,84,0,187,2020
45,86,0,50,2020
46,88,0,67,2020
47,89,0,25,2020
48,93,0,49,2020
49,94,0,225,2020
50,95,0,29,2020
51,99,0,35,2020
52,101,0,69,2020
53,107,0,122,2020
54,110,0,89,2020
55,114,0,95,2020
56,115,0,319,2020
57,119,0,33,2020
58,124,0,134,2020
59,125,0,94,2020
60,127,0,64,2020
61,128,0,336,2020
62,129,0,133,2020
63,130,0,190,2020
64,131,0,182,2020
65,132,0,164,2020
66,133,0,139,2020
67,135,0,650,2020
68,136,0,572,2020
69,137,0,64,2020
70,139,0,47,2020
71,140,0,91,2020
72,141,0,25,2020
73,144,0,129,2020
74,145,0,46,2020
75,146,0,112,2020
76,148,0,90,2020
77,151,0,22,2020
78,152,0,77,2020
79,154,0,84,2020
80,156,0,79,2020
81,160,0,55,2020
82,161,0,244,2020
83,163,0,64,2020
84,165,0,32,2020
85,167,0,169,2020
86,170,0,182,2020
87,171,0,78,2020
88,173,0,112,2020
89,175,0,86,2020
90,176,0,35,2020
91,185,0,64,2020
92,188,0,17,2020
93,192,0,44,2020
94,194,0,942,2020
95,199,0,402,2020
96,201,0,20,2020
97,202,0,225,2020
98,203,0,49,2020
99,204,0,231,2020
100,205,0,49,2020
101,3138,0,129425,2020
0,3,3138,63,2021
1,4,3138,70,2021
2,5,35,1,2021
3,5,36,1,2021
4,5,39,1,2021
5,5,44,1,2021
6,5,186,1,2021
7,5,3138,204,2021
8,6,35,1,2021
9,6,39,1,2021
10,6,44,1,2021
11,6,3138,124,2021
12,7,35,1,2021
13,7,36,1,2021
14,7,39,1,2021
15,7,44,1,2021
16,7,73,1,2021
17,7,186,1,2021
18,7,3138,220,2021
19,8,3138,39,2021
20,9,35,1,2021
21,9,39,1,2021
22,9,44,1,2021
23,9,3138,125,2021
24,11,35,1,2021
25,11,36,1,2021
26,11,39,1,2021
27,11,44,1,2021
28,11,186,1,2021
29,11,3138,171,2021
30,12,35,1,2021
31,12,39,1,2021
32,12,44,1,2021
33,12,3138,119,2021
34,13,3138,23,2021
35,14,39,1,2021
36,14,3138,80,2021
37,15,35,1,2021
38,15,36,1,2021
39,15,39,1,2021
40,15,44,1,2021
41,15,186,1,2021
42,15,3138,157,2021
43,16,35,1,2021
44,16,36,1,2021
45,16,39,1,2021
46,16,44,1,2021
47,16,3138,139,2021
48,17,35,1,2021
49,17,39,1,2021
50,17,44,1,2021
51,17,3138,101,2021
52,19,3138,69,2021
53,21,3138,38,2021
54,22,3138,28,2021
55,24,3138,74,2021
56,25,3138,10,2021
57,26,3138,69,2021
58,28,3138,29,2021
59,29,35,2,2021
60,29,36,1,2021
61,29,39,2,2021
62,29,42,1,2021
63,29,44,2,2021
64,29,51,1,2021
65,29,60,1,2021
66,29,73,1,2021
67,29,111,1,2021
68,29,169,1,2021
69,29,180,1,2021
70,29,186,1,2021
71,29,3138,354,2021
72,30,3138,29,2021
73,31,3138,18,2021
74,32,3138,32,2021
75,33,3138,32,2021
76,35,5,1,2021
77,35,7,1,2021
78,35,15,1,2021
79,35,29,1,2021
80,35,36,2,2021
81,35,39,4,2021
82,35,42,1,2021
83,35,44,3,2021
84,35,50,1,2021
85,35,51,1,2021
86,35,60,1,2021
87,35,73,1,2021
88,35,109,1,2021
89,35,111,1,2021
90,35,117,1,2021
91,35,135,1,2021
92,35,136,1,2021
93,35,161,1,2021
94,35,169,1,2021
95,35,180,1,2021
96,35,186,2,2021
97,35,3138,615,2021
98,36,5,1,2021
99,36,7,1,2021
100,36,11,1,2021
101,36,15,1,2021
102,36,16,1,2021
103,36,29,1,2021
104,36,35,4,2021
105,36,37,1,2021
106,36,39,5,2021
107,36,40,1,2021
108,36,42,2,2021
109,36,44,4,2021
110,36,48,1,2021
111,36,50,1,2021
112,36,51,1,2021
113,36,52,1,2021
114,36,59,1,2021
115,36,60,1,2021
116,36,73,2,2021
117,36,91,1,2021
118,36,103,1,2021
119,36,109,1,2021
120,36,111,1,2021
121,36,117,1,2021
122,36,135,1,2021
123,36,136,1,2021
124,36,158,1,2021
125,36,161,1,2021
126,36,169,1,2021
127,36,180,1,2021
128,36,186,3,2021
129,36,3138,766,2021
130,37,35,1,2021
131,37,36,1,2021
132,37,39,1,2021
133,37,44,1,2021
134,37,3138,137,2021
135,38,35,1,2021
136,38,39,1,2021
137,38,44,1,2021
138,38,3138,110,2021
139,39,5,1,2021
140,39,6,1,2021
141,39,7,1,2021
142,39,9,1,2021
143,39,11,1,2021
144,39,12,1,2021
145,39,15,1,2021
146,39,16,1,2021
147,39,17,1,2021
148,39,19,1,2021
149,39,29,2,2021
150,39,35,6,2021
151,39,36,4,2021
152,39,37,1,2021
153,39,38,1,2021
154,39,40,1,2021
155,39,42,2,2021
156,39,44,6,2021
157,39,47,1,2021
158,39,48,1,2021
159,39,49,1,2021
160,39,50,1,2021
161,39,51,2,2021
162,39,52,1,2021
163,39,59,1,2021
164,39,60,2,2021
165,39,63,1,2021
166,39,73,2,2021
167,39,77,1,2021
168,39,80,1,2021
169,39,82,1,2021
170,39,91,1,2021
171,39,103,1,2021
172,39,109,1,2021
173,39,111,2,2021
174,39,117,1,2021
175,39,135,1,2021
176,39,136,1,2021
177,39,149,1,2021
178,39,158,1,2021
179,39,161,1,2021
180,39,169,2,2021
181,39,180,2,2021
182,39,186,4,2021
183,39,197,1,2021
184,39,3138,1053,2021
185,40,3138,50,2021
186,41,35,1,2021
187,41,39,1,2021
188,41,44,1,2021
189,41,3138,93,2021
190,42,29,1,2021
191,42,35,2,2021
192,42,36,1,2021
193,42,39,2,2021
194,42,44,2,2021
195,42,51,1,2021
196,42,60,1,2021
197,42,73,1,2021
198,42,186,1,2021
199,42,3138,297,2021
200,44,35,1,2021
201,44,36,1,2021
202,44,39,2,2021
203,44,42,1,2021
204,44,73,1,2021
205,44,186,1,2021
206,44,3138,242,2021
207,45,3138,60,2021
208,46,3138,51,2021
209,47,35,1,2021
210,47,39,1,2021
211,47,44,1,2021
212,47,3138,94,2021
213,48,35,1,2021
214,48,36,1,2021
215,48,39,1,2021
216,48,44,1,2021
217,48,186,1,2021
218,48,3138,152,2021
219,49,35,1,2021
220,49,39,1,2021
221,49,44,1,2021
222,49,3138,97,2021
223,50,35,1,2021
224,50,36,1,2021
225,50,39,1,2021
226,50,44,1,2021
227,50,186,1,2021
228,50,3138,196,2021
229,51,35,1,2021
230,51,36,1,2021
231,51,39,1,2021
232,51,44,1,2021
233,51,3138,138,2021
234,52,3138,65,2021
235,53,3138,42,2021
236,55,35,1,2021
237,55,39,1,2021
238,55,44,1,2021
239,55,3138,91,2021
240,56,3138,73,2021
241,57,3138,8,2021
242,58,3138,77,2021
243,59,35,1,2021
244,59,39,1,2021
245,59,44,1,2021
246,59,3138,129,2021
247,60,29,1,2021
248,60,35,2,2021
249,60,36,1,2021
250,60,39,2,2021
251,60,42,1,2021
252,60,44,2,2021
253,60,51,1,2021
254,60,73,1,2021
255,60,111,1,2021
256,60,169,1,2021
257,60,180,1,2021
258,60,186,1,2021
259,60,3138,346,2021
260,61,35,1,2021
261,61,39,1,2021
262,61,44,1,2021
263,61,3138,96,2021
264,62,3138,55,2021
265,63,39,1,2021
266,63,3138,84,2021
267,64,3138,77,2021
268,65,3138,42,2021
269,66,3138,56,2021
270,68,3138,43,2021
271,69,35,1,2021
272,69,39,1,2021
273,69,44,1,2021
274,69,3138,107,2021
275,70,39,1,2021
276,70,3138,78,2021
277,71,3138,62,2021
278,72,3138,65,2021
279,73,5,1,2021
280,73,7,1,2021
281,73,15,1,2021
282,73,29,1,2021
283,73,35,3,2021
284,73,36,2,2021
285,73,39,4,2021
286,73,42,1,2021
287,73,44,3,2021
288,73,50,1,2021
289,73,51,1,2021
290,73,60,1,2021
291,73,109,1,2021
292,73,111,1,2021
293,73,117,1,2021
294,73,135,1,2021
295,73,136,1,2021
296,73,161,1,2021
297,73,169,1,2021
298,73,180,1,2021
299,73,186,2,2021
300,73,3138,592,2021
301,74,3138,47,2021
302,75,3138,47,2021
303,76,3138,56,2021
304,77,35,1,2021
305,77,39,1,2021
306,77,44,1,2021
307,77,3138,113,2021
308,78,39,1,2021
309,78,3138,78,2021
310,79,3138,29,2021
311,80,39,1,2021
312,80,3138,88,2021
313,81,3138,46,2021
314,82,35,1,2021
315,82,36,1,2021
316,82,39,1,2021
317,82,44,1,2021
318,82,3138,138,2021
319,83,3138,56,2021
320,84,3138,60,2021
321,86,3138,11,2021
322,87,3138,15,2021
323,88,3138,10,2021
324,89,3138,3,2021
325,91,35,1,2021
326,91,36,1,2021
327,91,39,1,2021
328,91,44,1,2021
329,91,186,1,2021
330,91,3138,154,2021
331,92,3138,23,2021
332,93,3138,11,2021
333,94,3138,39,2021
334,95,3138,15,2021
335,96,3138,56,2021
336,99,3138,25,2021
337,101,39,1,2021
338,101,3138,79,2021
339,103,35,1,2021
340,103,36,1,2021
341,103,39,1,2021
342,103,44,1,2021
343,103,3138,137,2021
344,105,3138,34,2021
345,107,3138,51,2021
346,109,35,1,2021
347,109,36,1,2021
348,109,39,1,2021
349,109,44,1,2021
350,109,186,1,2021
351,109,3138,147,2021
352,110,3138,52,2021
353,111,35,1,2021
354,111,36,1,2021
355,111,39,1,2021
356,111,44,1,2021
357,111,73,1,2021
358,111,186,1,2021
359,111,3138,219,2021
360,112,3138,47,2021
361,113,35,1,2021
362,113,39,1,2021
363,113,44,1,2021
364,113,3138,122,2021
365,114,3138,42,2021
366,115,35,1,2021
367,115,39,1,2021
368,115,44,1,2021
369,115,3138,105,2021
370,117,35,1,2021
371,117,36,1,2021
372,117,39,1,2021
373,117,44,1,2021
374,117,186,1,2021
375,117,3138,149,2021
376,118,3138,53,2021
377,119,3138,11,2021
378,120,3138,65,2021
379,121,3138,45,2021
380,123,3138,25,2021
381,124,3138,31,2021
382,125,3138,22,2021
383,126,3138,31,2021
384,127,3138,11,2021
385,128,3138,70,2021
386,129,3138,15,2021
387,130,3138,37,2021
388,131,3138,44,2021
389,132,3138,30,2021
390,133,3138,22,2021
391,134,3138,25,2021
392,135,35,1,2021
393,135,39,1,2021
394,135,44,1,2021
395,135,3138,100,2021
396,136,3138,59,2021
397,137,3138,17,2021
398,139,3138,7,2021
399,140,3138,38,2021
400,141,3138,11,2021
401,143,3138,14,2021
402,144,3138,15,2021
403,145,3138,18,2021
404,146,3138,41,2021
405,147,3138,16,2021
406,148,3138,13,2021
407,149,35,1,2021
408,149,36,1,2021
409,149,39,1,2021
410,149,44,1,2021
411,149,186,1,2021
412,149,3138,187,2021
413,150,3138,8,2021
414,151,3138,5,2021
415,152,3138,25,2021
416,154,3138,37,2021
417,155,3138,36,2021
418,156,3138,27,2021
419,158,35,1,2021
420,158,36,1,2021
421,158,39,1,2021
422,158,44,1,2021
423,158,186,1,2021
424,158,3138,167,2021
425,160,3138,29,2021
426,161,35,1,2021
427,161,39,1,2021
428,161,44,1,2021
429,161,3138,115,2021
430,163,3138,31,2021
431,164,3138,18,2021
432,165,3138,24,2021
433,167,3138,59,2021
434,168,3138,27,2021
435,169,35,1,2021
436,169,36,1,2021
437,169,39,1,2021
438,169,44,1,2021
439,169,186,1,2021
440,169,3138,203,2021
441,170,35,1,2021
442,170,39,1,2021
443,170,44,1,2021
444,170,3138,101,2021
445,171,3138,65,2021
446,173,35,1,2021
447,173,39,1,2021
448,173,44,1,2021
449,173,3138,90,2021
450,175,3138,23,2021
451,176,3138,39,2021
452,177,3138,39,2021
453,178,3138,21,2021
454,180,29,1,2021
455,180,35,2,2021
456,180,36,1,2021
457,180,39,2,2021
458,180,42,1,2021
459,180,44,2,2021
460,180,51,1,2021
461,180,60,1,2021
462,180,73,1,2021
463,180,186,1,2021
464,180,3138,309,2021
465,181,3138,33,2021
466,185,3138,53,2021
467,186,5,1,2021
468,186,7,1,2021
469,186,11,1,2021
470,186,15,1,2021
471,186,29,1,2021
472,186,35,4,2021
473,186,36,2,2021
474,186,39,4,2021
475,186,42,1,2021
476,186,44,4,2021
477,186,50,1,2021
478,186,51,1,2021
479,186,60,1,2021
480,186,73,2,2021
481,186,109,1,2021
482,186,111,1,2021
483,186,117,1,2021
484,186,135,1,2021
485,186,136,1,2021
486,186,161,1,2021
487,186,169,1,2021
488,186,180,1,2021
489,186,3138,640,2021
490,187,3138,30,2021
491,188,3138,12,2021
492,190,3138,41,2021
493,192,3138,46,2021
494,194,3138,45,2021
495,195,3138,8,2021
496,196,3138,42,2021
497,197,35,1,2021
498,197,36,1,2021
499,197,39,1,2021
500,197,44,1,2021
501,197,3138,136,2021
502,198,3138,27,2021
503,199,3138,63,2021
504,200,35,1,2021
505,200,36,1,2021
506,200,39,1,2021
507,200,44,1,2021
508,200,186,1,2021
509,200,3138,197,2021
510,201,3138,9,2021
511,202,3138,24,2021
512,203,3138,5,2021
513,204,3138,27,2021
514,205,3138,11,2021
515,206,3138,33,2021
516,3138,3,62,2021
517,3138,4,46,2021
518,3138,5,206,2021
519,3138,6,83,2021
520,3138,7,145,2021
521,3138,8,18,2021
522,3138,9,79,2021
523,3138,11,131,2021
524,3138,12,91,2021
525,3138,13,17,2021
526,3138,14,75,2021
527,3138,15,153,2021
528,3138,16,122,2021
529,3138,17,89,2021
530,3138,19,85,2021
531,3138,21,23,2021
532,3138,22,38,2021
533,3138,24,24,2021
534,3138,25,6,2021
535,3138,26,45,2021
536,3138,28,13,2021
537,3138,29,292,2021
538,3138,30,20,2021
539,3138,31,26,2021
540,3138,32,13,2021
541,3138,33,30,2021
542,3138,35,893,2021
543,3138,36,618,2021
544,3138,37,110,2021
545,3138,38,77,2021
546,3138,39,1026,2021
547,3138,40,118,2021
548,3138,41,67,2021
549,3138,42,362,2021
550,3138,44,895,2021
551,3138,45,75,2021
552,3138,46,57,2021
553,3138,47,97,2021
554,3138,48,106,2021
555,3138,49,101,2021
556,3138,50,194,2021
557,3138,51,273,2021
558,3138,52,109,2021
559,3138,53,65,2021
560,3138,55,37,2021
561,3138,56,43,2021
562,3138,57,7,2021
563,3138,58,28,2021
564,3138,59,107,2021
565,3138,60,281,2021
566,3138,61,40,2021
567,3138,62,25,2021
568,3138,63,81,2021
569,3138,64,67,2021
570,3138,65,36,2021
571,3138,66,37,2021
572,3138,68,36,2021
573,3138,69,74,2021
574,3138,70,75,2021
575,3138,71,54,2021
576,3138,72,54,2021
577,3138,73,380,2021
578,3138,74,32,2021
579,3138,75,52,2021
580,3138,76,40,2021
581,3138,77,90,2021
582,3138,78,58,2021
583,3138,79,75,2021
584,3138,80,90,2021
585,3138,81,24,2021
586,3138,82,83,2021
587,3138,83,32,2021
588,3138,84,46,2021
589,3138,86,2,2021
590,3138,87,11,2021
591,3138,88,6,2021
592,3138,89,2,2021
593,3138,91,110,2021
594,3138,92,15,2021
595,3138,93,3,2021
596,3138,94,15,2021
597,3138,95,6,2021
598,3138,96,41,2021
599,3138,99,5,2021
600,3138,101,8,2021
601,3138,103,122,2021
602,3138,105,9,2021
603,3138,107,8,2021
604,3138,109,155,2021
605,3138,110,18,2021
606,3138,111,260,2021
607,3138,112,38,2021
608,3138,113,49,2021
609,3138,114,25,2021
610,3138,115,38,2021
611,3138,117,140,2021
612,3138,118,32,2021
613,3138,119,14,2021
614,3138,120,54,2021
615,3138,121,21,2021
616,3138,123,24,2021
617,3138,124,12,2021
618,3138,125,23,2021
619,3138,126,42,2021
620,3138,127,16,2021
621,3138,128,70,2021
622,3138,129,10,2021
623,3138,130,41,2021
624,3138,131,36,2021
625,3138,132,19,2021
626,3138,133,18,2021
627,3138,134,34,2021
628,3138,135,148,2021
629,3138,136,183,2021
630,3138,137,33,2021
631,3138,139,10,2021
632,3138,140,39,2021
633,3138,141,6,2021
634,3138,143,9,2021
635,3138,144,7,2021
636,3138,145,16,2021
637,3138,146,28,2021
638,3138,147,22,2021
639,3138,148,5,2021
640,3138,149,79,2021
641,3138,150,5,2021
642,3138,151,4,2021
643,3138,152,6,2021
644,3138,154,19,2021
645,3138,155,19,2021
646,3138,156,13,2021
647,3138,158,117,2021
648,3138,160,20,2021
649,3138,161,144,2021
650,3138,163,19,2021
651,3138,164,15,2021
652,3138,165,8,2021
653,3138,167,19,2021
654,3138,168,2,2021
655,3138,169,234,2021
656,3138,170,44,2021
657,3138,171,22,2021
658,3138,173,73,2021
659,3138,175,10,2021
660,3138,176,20,2021
661,3138,177,19,2021
662,3138,178,8,2021
663,3138,180,250,2021
664,3138,181,19,2021
665,3138,185,45,2021
666,3138,186,561,2021
667,3138,187,31,2021
668,3138,188,22,2021
669,3138,190,26,2021
670,3138,192,53,2021
671,3138,194,44,2021
672,3138,195,6,2021
673,3138,196,17,2021
674,3138,197,92,2021
675,3138,198,2,2021
676,3138,199,14,2021
677,3138,200,61,2021
678,3138,201,2,2021
679,3138,202,27,2021
680,3138,203,17,2021
681,3138,204,10,2021
682,3138,205,2,2021
683,3138,206,4,2021
0,0,3,81,2021
1,0,4,59,2021
2,0,5,366,2021
3,0,6,112,2021
4,0,7,411,2021
5,0,8,102,2021
6,0,9,204,2021
7,0,11,361,2021
8,0,12,302,2021
9,0,13,73,2021
10,0,14,172,2021
11,0,15,313,2021
12,0,16,347,2021
13,0,17,275,2021
14,0,19,129,2021
15,0,21,59,2021
16,0,22,27,2021
17,0,24,107,2021
18,0,25,35,2021
19,0,26,107,2021
20,0,28,41,2021
21,0,29,620,2021
22,0,30,30,2021
23,0,31,41,2021
24,0,32,49,2021
25,0,33,66,2021
26,0,35,11626,2021
27,0,36,4664,2021
28,0,37,354,2021
29,0,38,319,2021
30,0,39,16794,2021
31,0,40,520,2021
32,0,41,399,2021
33,0,42,4120,2021
34,0,44,6678,2021
35,0,45,670,2021
36,0,46,145,2021
37,0,47,536,2021
38,0,48,567,2021
39,0,49,474,2021
40,0,50,1839,2021
41,0,51,1920,2021
42,0,52,664,2021
43,0,53,371,2021
44,0,55,256,2021
45,0,56,72,2021
46,0,57,15,2021
47,0,58,102,2021
48,0,59,659,2021
49,0,60,1133,2021
50,0,61,108,2021
51,0,62,49,2021
52,0,63,536,2021
53,0,64,602,2021
54,0,65,74,2021
55,0,66,149,2021
56,0,68,133,2021
57,0,69,189,2021
58,0,70,240,2021
59,0,71,98,2021
60,0,72,267,2021
61,0,73,1524,2021
62,0,74,105,2021
63,0,75,180,2021
64,0,76,141,2021
65,0,77,821,2021
66,0,78,181,2021
67,0,79,218,2021
68,0,80,247,2021
69,0,81,59,2021
70,0,82,332,2021
71,0,83,190,2021
72,0,84,246,2021
73,0,86,32,2021
74,0,87,68,2021
75,0,88,68,2021
76,0,89,18,2021
77,0,91,949,2021
78,0,92,97,2021
79,0,93,44,2021
80,0,94,169,2021
81,0,95,47,2021
82,0,96,179,2021
83,0,99,25,2021
84,0,101,45,2021
85,0,103,651,2021
86,0,105,22,2021
87,0,107,66,2021
88,0,109,763,2021
89,0,110,74,2021
90,0,111,661,2021
91,0,112,83,2021
92,0,113,349,2021
93,0,114,92,2021
94,0,115,99,2021
95,0,117,390,2021
96,0,118,70,2021
97,0,119,37,2021
98,0,120,143,2021
99,0,121,82,2021
100,0,123,372,2021
101,0,124,116,2021
102,0,125,168,2021
103,0,126,362,2021
104,0,127,103,2021
105,0,128,444,2021
106,0,129,117,2021
107,0,130,236,2021
108,0,131,252,2021
109,0,132,257,2021
110,0,133,169,2021
111,0,134,348,2021
112,0,135,1781,2021
113,0,136,2007,2021
114,0,137,79,2021
115,0,139,40,2021
116,0,140,96,2021
117,0,141,14,2021
118,0,143,49,2021
119,0,144,70,2021
120,0,145,72,2021
121,0,146,119,2021
122,0,147,104,2021
123,0,148,49,2021
124,0,149,616,2021
125,0,150,4,2021
126,0,151,13,2021
127,0,152,33,2021
128,0,154,45,2021
129,0,155,54,2021
130,0,156,53,2021
131,0,158,289,2021
132,0,160,76,2021
133,0,161,382,2021
134,0,163,82,2021
135,0,164,48,2021
136,0,165,33,2021
137,0,167,102,2021
138,0,168,16,2021
139,0,169,725,2021
140,0,170,210,2021
141,0,171,80,2021
142,0,173,106,2021
143,0,175,83,2021
144,0,176,35,2021
145,0,177,131,2021
146,0,178,17,2021
147,0,180,1465,2021
148,0,181,160,2021
149,0,185,54,2021
150,0,186,1410,2021
151,0,187,24,2021
152,0,188,34,2021
153,0,190,18,2021
154,0,192,34,2021
155,0,194,575,2021
156,0,195,41,2021
157,0,196,175,2021
158,0,197,559,2021
159,0,198,39,2021
160,0,199,143,2021
161,0,200,380,2021
162,0,201,9,2021
163,0,202,321,2021
164,0,203,26,2021
165,0,204,86,2021
166,0,205,12,2021
167,0,206,21,2021
168,0,3138,139783,2021
0,3,0,47,2021
1,4,0,41,2021
2,5,0,335,2021
3,6,0,75,2021
4,7,0,576,2021
5,8,0,46,2021
6,9,0,126,2021
7,11,0,181,2021
8,12,0,213,2021
9,13,0,38,2021
10,14,0,100,2021
11,15,0,365,2021
12,16,0,221,2021
13,17,0,174,2021
14,19,0,121,2021
15,21,0,65,2021
16,22,0,21,2021
17,24,0,82,2021
18,25,0,21,2021
19,26,0,111,2021
20,28,0,29,2021
21,29,0,635,2021
22,30,0,32,2021
23,31,0,37,2021
24,32,0,33,2021
25,33,0,57,2021
26,35,0,4431,2021
27,36,0,2941,2021
28,37,0,185,2021
29,38,0,220,2021
30,39,0,5738,2021
31,40,0,138,2021
32,41,0,281,2021
33,42,0,1587,2021
34,44,0,1323,2021
35,45,0,200,2021
36,46,0,155,2021
37,47,0,283,2021
38,48,0,298,2021
39,49,0,294,2021
40,50,0,873,2021
41,51,0,507,2021
42,52,0,353,2021
43,53,0,165,2021
44,55,0,315,2021
45,56,0,91,2021
46,57,0,15,2021
47,58,0,136,2021
48,59,0,387,2021
49,60,0,1316,2021
50,61,0,166,2021
51,62,0,82,2021
52,63,0,381,2021
53,64,0,329,2021
54,65,0,125,2021
55,66,0,102,2021
56,68,0,117,2021
57,69,0,116,2021
58,70,0,181,2021
59,71,0,112,2021
60,72,0,258,2021
61,73,0,1637,2021
62,74,0,75,2021
63,75,0,138,2021
64,76,0,110,2021
65,77,0,535,2021
66,78,0,173,2021
67,79,0,176,2021
68,80,0,206,2021
69,81,0,98,2021
70,82,0,337,2021
71,83,0,162,2021
72,84,0,182,2021
73,86,0,61,2021
74,87,0,37,2021
75,88,0,68,2021
76,89,0,30,2021
77,91,0,1027,2021
78,92,0,85,2021
79,93,0,35,2021
80,94,0,194,2021
81,95,0,22,2021
82,96,0,249,2021
83,99,0,24,2021
84,101,0,56,2021
85,103,0,592,2021
86,105,0,47,2021
87,107,0,128,2021
88,109,0,748,2021
89,110,0,87,2021
90,111,0,611,2021
91,112,0,52,2021
92,113,0,349,2021
93,114,0,88,2021
94,115,0,217,2021
95,117,0,342,2021
96,118,0,65,2021
97,119,0,15,2021
98,120,0,87,2021
99,121,0,44,2021
100,123,0,127,2021
101,124,0,105,2021
102,125,0,92,2021
103,126,0,130,2021
104,127,0,81,2021
105,128,0,294,2021
106,129,0,68,2021
107,130,0,158,2021
108,131,0,147,2021
109,132,0,140,2021
110,133,0,109,2021
111,134,0,185,2021
112,135,0,709,2021
113,136,0,637,2021
114,137,0,60,2021
115,139,0,35,2021
116,140,0,80,2021
117,141,0,38,2021
118,143,0,46,2021
119,144,0,110,2021
120,145,0,57,2021
121,146,0,123,2021
122,147,0,77,2021
123,148,0,106,2021
124,149,0,710,2021
125,150,0,32,2021
126,151,0,24,2021
127,152,0,81,2021
128,154,0,55,2021
129,155,0,47,2021
130,156,0,69,2021
131,158,0,347,2021
132,160,0,62,2021
133,161,0,214,2021
134,163,0,61,2021
135,164,0,18,2021
136,165,0,41,2021
137,167,0,128,2021
138,168,0,27,2021
139,169,0,561,2021
140,170,0,170,2021
141,171,0,62,2021
142,173,0,110,2021
143,175,0,51,2021
144,176,0,15,2021
145,177,0,73,2021
146,178,0,13,2021
147,180,0,905,2021
148,181,0,94,2021
149,185,0,33,2021
150,186,0,1298,2021
151,187,0,17,2021
152,188,0,12,2021
153,190,0,20,2021
154,192,0,32,2021
155,194,0,704,2021
156,195,0,78,2021
157,196,0,245,2021
158,197,0,618,2021
159,198,0,53,2021
160,199,0,276,2021
161,200,0,862,2021
162,201,0,11,2021
163,202,0,156,2021
164,203,0,43,2021
165,204,0,170,2021
166,205,0,43,2021
167,206,0,41,2021
168,3138,0,115886,2021
0,3,39,1,2022
1,3,3138,58,2022
2,4,3138,39,2022
3,5,35,1,2022
4,5,36,1,2022
5,5,39,2,2022
6,5,73,1,2022
7,5,186,1,2022
8,5,3138,215,2022
9,6,35,1,2022
10,6,39,1,2022
11,6,3138,105,2022
12,7,35,1,2022
13,7,36,1,2022
14,7,39,2,2022
15,7,73,1,2022
16,7,186,1,2022
17,7,3138,184,2022
18,8,3138,41,2022
19,9,35,1,2022
20,9,39,1,2022
21,9,3138,123,2022
22,11,35,1,2022
23,11,39,2,2022
24,11,73,1,2022
25,11,186,1,2022
26,11,3138,168,2022
27,12,35,1,2022
28,12,39,1,2022
29,12,3138,124,2022
30,13,3138,21,2022
31,14,39,1,2022
32,14,3138,54,2022
33,15,35,1,2022
34,15,39,1,2022
35,15,73,1,2022
36,15,3138,136,2022
37,16,35,1,2022
38,16,39,1,2022
39,16,73,1,2022
40,16,3138,138,2022
41,17,35,1,2022
42,17,39,1,2022
43,17,3138,83,2022
44,19,35,1,2022
45,19,39,1,2022
46,19,3138,109,2022
47,21,3138,26,2022
48,22,3138,24,2022
49,24,39,1,2022
50,24,3138,51,2022
51,25,3138,17,2022
52,26,39,1,2022
53,26,3138,53,2022
54,28,3138,38,2022
55,29,35,2,2022
56,29,36,1,2022
57,29,39,3,2022
58,29,42,1,2022
59,29,44,1,2022
60,29,73,1,2022
61,29,136,1,2022
62,29,186,1,2022
63,29,3138,288,2022
64,30,3138,28,2022
65,31,3138,28,2022
66,32,3138,19,2022
67,33,3138,40,2022
68,35,5,1,2022
69,35,6,1,2022
70,35,7,1,2022
71,35,11,1,2022
72,35,12,1,2022
73,35,15,1,2022
74,35,29,1,2022
75,35,36,2,2022
76,35,39,8,2022
77,35,42,1,2022
78,35,44,2,2022
79,35,47,1,2022
80,35,48,1,2022
81,35,50,1,2022
82,35,51,1,2022
83,35,60,1,2022
84,35,69,1,2022
85,35,70,1,2022
86,35,73,3,2022
87,35,78,1,2022
88,35,79,1,2022
89,35,82,1,2022
90,35,91,1,2022
91,35,111,1,2022
92,35,117,1,2022
93,35,135,1,2022
94,35,136,1,2022
95,35,158,1,2022
96,35,169,1,2022
97,35,180,1,2022
98,35,186,2,2022
99,35,200,1,2022
100,35,3138,750,2022
101,36,5,1,2022
102,36,6,1,2022
103,36,7,1,2022
104,36,11,1,2022
105,36,29,1,2022
106,36,35,4,2022
107,36,39,8,2022
108,36,42,1,2022
109,36,44,2,2022
110,36,47,1,2022
111,36,50,1,2022
112,36,51,1,2022
113,36,60,1,2022
114,36,69,1,2022
115,36,70,1,2022
116,36,73,3,2022
117,36,78,1,2022
118,36,82,1,2022
119,36,91,1,2022
120,36,111,1,2022
121,36,117,1,2022
122,36,135,1,2022
123,36,136,1,2022
124,36,158,1,2022
125,36,169,1,2022
126,36,180,1,2022
127,36,186,2,2022
128,36,200,1,2022
129,36,3138,731,2022
130,37,35,1,2022
131,37,39,1,2022
132,37,3138,85,2022
133,38,39,1,2022
134,38,3138,72,2022
135,39,5,1,2022
136,39,6,1,2022
137,39,7,1,2022
138,39,11,1,2022
139,39,12,1,2022
140,39,15,1,2022
141,39,16,1,2022
142,39,19,1,2022
143,39,29,1,2022
144,39,35,5,2022
145,39,36,2,2022
146,39,42,1,2022
147,39,44,2,2022
148,39,47,1,2022
149,39,48,1,2022
150,39,50,1,2022
151,39,51,1,2022
152,39,59,1,2022
153,39,60,1,2022
154,39,69,1,2022
155,39,70,1,2022
156,39,73,3,2022
157,39,78,1,2022
158,39,79,1,2022
159,39,80,1,2022
160,39,82,1,2022
161,39,91,1,2022
162,39,111,1,2022
163,39,117,1,2022
164,39,135,1,2022
165,39,136,1,2022
166,39,158,1,2022
167,39,169,1,2022
168,39,180,1,2022
169,39,186,2,2022
170,39,200,1,2022
171,39,3138,784,2022
172,40,39,1,2022
173,40,3138,51,2022
174,41,39,1,2022
175,41,3138,70,2022
176,42,35,2,2022
177,42,36,1,2022
178,42,39,3,2022
179,42,44,1,2022
180,42,73,1,2022
181,42,186,1,2022
182,42,3138,270,2022
183,44,29,1,2022
184,44,35,2,2022
185,44,36,1,2022
186,44,39,4,2022
187,44,42,1,2022
188,44,60,1,2022
189,44,73,1,2022
190,44,135,1,2022
191,44,136,1,2022
192,44,180,1,2022
193,44,186,1,2022
194,44,3138,333,2022
195,45,3138,31,2022
196,46,3138,43,2022
197,47,39,1,2022
198,47,3138,73,2022
199,48,35,1,2022
200,48,39,2,2022
201,48,73,1,2022
202,48,3138,146,2022
203,49,39,1,2022
204,49,3138,82,2022
205,50,35,1,2022
206,50,36,1,2022
207,50,39,2,2022
208,50,73,1,2022
209,50,186,1,2022
210,50,3138,180,2022
211,51,35,1,2022
212,51,39,1,2022
213,51,3138,105,2022
214,52,39,1,2022
215,52,3138,62,2022
216,53,3138,22,2022
217,55,35,1,2022
218,55,39,1,2022
219,55,3138,92,2022
220,56,39,1,2022
221,56,3138,62,2022
222,57,3138,3,2022
223,58,35,1,2022
224,58,39,1,2022
225,58,3138,108,2022
226,59,35,1,2022
227,59,39,1,2022
228,59,3138,120,2022
229,60,29,1,2022
230,60,35,2,2022
231,60,36,1,2022
232,60,39,4,2022
233,60,42,1,2022
234,60,44,1,2022
235,60,73,1,2022
236,60,111,1,2022
237,60,135,1,2022
238,60,136,1,2022
239,60,180,1,2022
240,60,186,1,2022
241,60,3138,359,2022
242,61,39,1,2022
243,61,3138,78,2022
244,62,39,1,2022
245,62,3138,50,2022
246,63,35,1,2022
247,63,39,1,2022
248,63,3138,125,2022
249,64,39,1,2022
250,64,3138,66,2022
251,65,3138,46,2022
252,66,39,1,2022
253,66,3138,58,2022
254,68,39,1,2022
255,68,3138,51,2022
256,69,35,1,2022
257,69,39,1,2022
258,69,73,1,2022
259,69,3138,138,2022
260,70,35,1,2022
261,70,39,1,2022
262,70,3138,95,2022
263,71,39,1,2022
264,71,3138,63,2022
265,72,35,1,2022
266,72,39,1,2022
267,72,3138,86,2022
268,73,5,1,2022
269,73,7,1,2022
270,73,11,1,2022
271,73,29,1,2022
272,73,35,4,2022
273,73,36,2,2022
274,73,39,7,2022
275,73,42,1,2022
276,73,44,1,2022
277,73,47,1,2022
278,73,50,1,2022
279,73,51,1,2022
280,73,60,1,2022
281,73,70,1,2022
282,73,82,1,2022
283,73,111,1,2022
284,73,117,1,2022
285,73,135,1,2022
286,73,136,1,2022
287,73,158,1,2022
288,73,169,1,2022
289,73,180,1,2022
290,73,186,2,2022
291,73,200,1,2022
292,73,3138,657,2022
293,74,39,1,2022
294,74,3138,68,2022
295,75,39,1,2022
296,75,3138,82,2022
297,76,39,1,2022
298,76,3138,58,2022
299,77,35,1,2022
300,77,39,2,2022
301,77,73,1,2022
302,77,3138,159,2022
303,78,35,1,2022
304,78,39,1,2022
305,78,3138,96,2022
306,79,39,1,2022
307,79,3138,69,2022
308,80,35,1,2022
309,80,39,1,2022
310,80,3138,114,2022
311,81,39,1,2022
312,81,3138,64,2022
313,82,35,1,2022
314,82,36,1,2022
315,82,39,3,2022
316,82,44,1,2022
317,82,73,1,2022
318,82,186,1,2022
319,82,3138,245,2022
320,83,39,1,2022
321,83,3138,69,2022
322,84,39,1,2022
323,84,3138,64,2022
324,86,3138,20,2022
325,87,3138,23,2022
326,88,3138,17,2022
327,89,3138,6,2022
328,91,35,1,2022
329,91,39,2,2022
330,91,73,1,2022
331,91,186,1,2022
332,91,3138,163,2022
333,92,3138,16,2022
334,93,3138,12,2022
335,94,3138,39,2022
336,95,3138,9,2022
337,96,39,1,2022
338,96,3138,50,2022
339,99,3138,18,2022
340,101,39,1,2022
341,101,3138,64,2022
342,103,35,1,2022
343,103,39,1,2022
344,103,73,1,2022
345,103,3138,131,2022
346,105,3138,20,2022
347,107,39,1,2022
348,107,3138,63,2022
349,109,35,1,2022
350,109,39,1,2022
351,109,3138,112,2022
352,110,3138,34,2022
353,111,35,2,2022
354,111,36,1,2022
355,111,39,3,2022
356,111,44,1,2022
357,111,73,1,2022
358,111,186,1,2022
359,111,3138,249,2022
360,112,39,1,2022
361,112,3138,58,2022
362,113,35,1,2022
363,113,39,1,2022
364,113,3138,93,2022
365,114,3138,43,2022
366,115,39,1,2022
367,115,3138,79,2022
368,117,35,1,2022
369,117,39,2,2022
370,117,73,1,2022
371,117,3138,156,2022
372,118,3138,27,2022
373,119,3138,17,2022
374,120,39,1,2022
375,120,3138,49,2022
376,121,39,1,2022
377,121,3138,49,2022
378,123,3138,41,2022
379,124,3138,38,2022
380,125,3138,28,2022
381,126,3138,32,2022
382,127,3138,37,2022
383,128,35,1,2022
384,128,39,1,2022
385,128,3138,123,2022
386,129,3138,20,2022
387,130,39,1,2022
388,130,3138,51,2022
389,131,39,1,2022
390,131,3138,55,2022
391,132,3138,19,2022
392,133,3138,11,2022
393,134,39,1,2022
394,134,3138,50,2022
395,135,35,1,2022
396,135,39,2,2022
397,135,73,1,2022
398,135,3138,143,2022
399,136,35,1,2022
400,136,39,2,2022
401,136,73,1,2022
402,136,3138,145,2022
403,137,3138,28,2022
404,139,3138,9,2022
405,140,3138,23,2022
406,141,3138,9,2022
407,143,3138,15,2022
408,144,3138,40,2022
409,145,3138,18,2022
410,146,3138,32,2022
411,147,3138,26,2022
412,148,3138,23,2022
413,149,35,1,2022
414,149,39,2,2022
415,149,73,1,2022
416,149,3138,159,2022
417,150,3138,6,2022
418,151,3138,15,2022
419,152,3138,18,2022
420,154,3138,46,2022
421,155,39,1,2022
422,155,3138,47,2022
423,156,3138,26,2022
424,158,35,1,2022
425,158,39,2,2022
426,158,73,1,2022
427,158,186,1,2022
428,158,3138,168,2022
429,160,3138,24,2022
430,161,35,1,2022
431,161,39,1,2022
432,161,3138,85,2022
433,163,3138,19,2022
434,164,3138,12,2022
435,165,3138,17,2022
436,167,3138,39,2022
437,168,3138,10,2022
438,169,35,1,2022
439,169,36,1,2022
440,169,39,2,2022
441,169,73,1,2022
442,169,186,1,2022
443,169,3138,200,2022
444,170,39,1,2022
445,170,3138,74,2022
446,171,3138,21,2022
447,173,39,1,2022
448,173,3138,56,2022
449,175,3138,28,2022
450,176,3138,20,2022
451,177,3138,37,2022
452,178,3138,15,2022
453,180,5,1,2022
454,180,29,1,2022
455,180,35,2,2022
456,180,36,1,2022
457,180,39,4,2022
458,180,42,1,2022
459,180,44,1,2022
460,180,60,1,2022
461,180,73,1,2022
462,180,111,1,2022
463,180,135,1,2022
464,180,136,1,2022
465,180,186,1,2022
466,180,3138,376,2022
467,181,3138,39,2022
468,185,39,1,2022
469,185,3138,72,2022
470,186,5,1,2022
471,186,7,1,2022
472,186,11,1,2022
473,186,29,1,2022
474,186,35,4,2022
475,186,36,2,2022
476,186,39,7,2022
477,186,42,1,2022
478,186,44,1,2022
479,186,50,1,2022
480,186,51,1,2022
481,186,60,1,2022
482,186,70,1,2022
483,186,73,3,2022
484,186,82,1,2022
485,186,111,1,2022
486,186,117,1,2022
487,186,135,1,2022
488,186,136,1,2022
489,186,158,1,2022
490,186,169,1,2022
491,186,180,1,2022
492,186,200,1,2022
493,186,3138,655,2022
494,187,3138,39,2022
495,188,3138,17,2022
496,190,3138,11,2022
497,192,3138,40,2022
498,194,39,1,2022
499,194,3138,61,2022
500,195,3138,15,2022
501,196,39,1,2022
502,196,3138,58,2022
503,197,35,1,2022
504,197,39,1,2022
505,197,3138,106,2022
506,198,3138,36,2022
507,199,39,1,2022
508,199,3138,60,2022
509,200,35,1,2022
510,200,36,1,2022
511,200,39,2,2022
512,200,73,1,2022
513,200,186,1,2022
514,200,3138,215,2022
515,201,3138,1,2022
516,202,3138,31,2022
517,203,3138,8,2022
518,204,3138,19,2022
519,205,3138,6,2022
520,206,39,1,2022
521,206,3138,47,2022
522,3138,3,69,2022
523,3138,4,57,2022
524,3138,5,221,2022
525,3138,6,120,2022
526,3138,7,161,2022
527,3138,8,24,2022
528,3138,9,99,2022
529,3138,11,133,2022
530,3138,12,110,2022
531,3138,13,19,2022
532,3138,14,66,2022
533,3138,15,110,2022
534,3138,16,104,2022
535,3138,17,87,2022
536,3138,19,105,2022
537,3138,21,31,2022
538,3138,22,21,2022
539,3138,24,30,2022
540,3138,25,11,2022
541,3138,26,41,2022
542,3138,28,14,2022
543,3138,29,288,2022
544,3138,30,10,2022
545,3138,31,21,2022
546,3138,32,16,2022
547,3138,33,27,2022
548,3138,35,986,2022
549,3138,36,457,2022
550,3138,37,80,2022
551,3138,38,38,2022
552,3138,39,1733,2022
553,3138,40,77,2022
554,3138,41,63,2022
555,3138,42,303,2022
556,3138,44,364,2022
557,3138,45,61,2022
558,3138,46,43,2022
559,3138,47,123,2022
560,3138,48,108,2022
561,3138,49,72,2022
562,3138,50,174,2022
563,3138,51,169,2022
564,3138,52,58,2022
565,3138,53,61,2022
566,3138,55,64,2022
567,3138,56,38,2022
568,3138,57,5,2022
569,3138,58,101,2022
570,3138,59,107,2022
571,3138,60,266,2022
572,3138,61,74,2022
573,3138,62,24,2022
574,3138,63,59,2022
575,3138,64,89,2022
576,3138,65,33,2022
577,3138,66,47,2022
578,3138,68,36,2022
579,3138,69,121,2022
580,3138,70,129,2022
581,3138,71,72,2022
582,3138,72,39,2022
583,3138,73,643,2022
584,3138,74,52,2022
585,3138,75,50,2022
586,3138,76,72,2022
587,3138,77,90,2022
588,3138,78,114,2022
589,3138,79,109,2022
590,3138,80,106,2022
591,3138,81,43,2022
592,3138,82,170,2022
593,3138,83,47,2022
594,3138,84,93,2022
595,3138,86,9,2022
596,3138,87,19,2022
597,3138,88,7,2022
598,3138,89,8,2022
599,3138,91,112,2022
600,3138,92,8,2022
601,3138,93,11,2022
602,3138,94,17,2022
603,3138,95,15,2022
604,3138,96,57,2022
605,3138,99,7,2022
606,3138,101,13,2022
607,3138,103,74,2022
608,3138,105,25,2022
609,3138,107,34,2022
610,3138,109,101,2022
611,3138,110,35,2022
612,3138,111,234,2022
613,3138,112,32,2022
614,3138,113,74,2022
615,3138,114,50,2022
616,3138,115,58,2022
617,3138,117,151,2022
618,3138,118,27,2022
619,3138,119,61,2022
620,3138,120,27,2022
621,3138,121,24,2022
622,3138,123,53,2022
623,3138,124,27,2022
624,3138,125,48,2022
625,3138,126,100,2022
626,3138,127,33,2022
627,3138,128,69,2022
628,3138,129,28,2022
629,3138,130,57,2022
630,3138,131,39,2022
631,3138,132,42,2022
632,3138,133,24,2022
633,3138,134,36,2022
634,3138,135,270,2022
635,3138,136,288,2022
636,3138,137,21,2022
637,3138,139,6,2022
638,3138,140,13,2022
639,3138,141,1,2022
640,3138,143,23,2022
641,3138,144,7,2022
642,3138,145,14,2022
643,3138,146,33,2022
644,3138,147,24,2022
645,3138,148,6,2022
646,3138,149,87,2022
647,3138,150,2,2022
648,3138,151,6,2022
649,3138,152,7,2022
650,3138,154,11,2022
651,3138,155,18,2022
652,3138,156,13,2022
653,3138,158,171,2022
654,3138,160,16,2022
655,3138,161,72,2022
656,3138,163,18,2022
657,3138,164,12,2022
658,3138,165,6,2022
659,3138,167,35,2022
660,3138,168,4,2022
661,3138,169,156,2022
662,3138,170,45,2022
663,3138,171,32,2022
664,3138,173,72,2022
665,3138,175,14,2022
666,3138,176,15,2022
667,3138,177,22,2022
668,3138,178,7,2022
669,3138,180,270,2022
670,3138,181,17,2022
671,3138,185,73,2022
672,3138,186,498,2022
673,3138,187,37,2022
674,3138,188,23,2022
675,3138,190,35,2022
676,3138,192,51,2022
677,3138,194,29,2022
678,3138,195,15,2022
679,3138,196,34,2022
680,3138,197,42,2022
681,3138,198,10,2022
682,3138,199,39,2022
683,3138,200,139,2022
684,3138,201,10,2022
685,3138,202,35,2022
686,3138,203,14,2022
687,3138,204,21,2022
688,3138,205,8,2022
689,3138,206,4,2022
0,0,3,110,2022
1,0,4,70,2022
2,0,5,332,2022
3,0,6,117,2022
4,0,7,430,2022
5,0,8,117,2022
6,0,9,189,2022
7,0,11,312,2022
8,0,12,284,2022
9,0,13,60,2022
10,0,14,195,2022
11,0,15,305,2022
12,0,16,312,2022
13,0,17,258,2022
14,0,19,195,2022
15,0,21,46,2022
16,0,22,24,2022
17,0,24,89,2022
18,0,25,35,2022
19,0,26,87,2022
20,0,28,39,2022
21,0,29,679,2022
22,0,30,27,2022
23,0,31,39,2022
24,0,32,41,2022
25,0,33,67,2022
26,0,35,10978,2022
27,0,36,3057,2022
28,0,37,206,2022
29,0,38,203,2022
30,0,39,18263,2022
31,0,40,351,2022
32,0,41,415,2022
33,0,42,3626,2022
34,0,44,4136,2022
35,0,45,544,2022
36,0,46,130,2022
37,0,47,662,2022
38,0,48,587,2022
39,0,49,386,2022
40,0,50,1639,2022
41,0,51,2021,2022
42,0,52,374,2022
43,0,53,346,2022
44,0,55,299,2022
45,0,56,137,2022
46,0,57,13,2022
47,0,58,134,2022
48,0,59,614,2022
49,0,60,1339,2022
50,0,61,128,2022
51,0,62,90,2022
52,0,63,377,2022
53,0,64,445,2022
54,0,65,66,2022
55,0,66,142,2022
56,0,68,105,2022
57,0,69,198,2022
58,0,70,312,2022
59,0,71,149,2022
60,0,72,288,2022
61,0,73,1411,2022
62,0,74,102,2022
63,0,75,159,2022
64,0,76,131,2022
65,0,77,738,2022
66,0,78,202,2022
67,0,79,338,2022
68,0,80,278,2022
69,0,81,54,2022
70,0,82,354,2022
71,0,83,288,2022
72,0,84,307,2022
73,0,86,56,2022
74,0,87,60,2022
75,0,88,50,2022
76,0,89,21,2022
77,0,91,1052,2022
78,0,92,100,2022
79,0,93,29,2022
80,0,94,176,2022
81,0,95,69,2022
82,0,96,243,2022
83,0,99,40,2022
84,0,101,39,2022
85,0,103,534,2022
86,0,105,56,2022
87,0,107,94,2022
88,0,109,679,2022
89,0,110,80,2022
90,0,111,814,2022
91,0,112,54,2022
92,0,113,360,2022
93,0,114,143,2022
94,0,115,272,2022
95,0,117,379,2022
96,0,118,61,2022
97,0,119,57,2022
98,0,120,100,2022
99,0,121,54,2022
100,0,123,401,2022
101,0,124,134,2022
102,0,125,201,2022
103,0,126,527,2022
104,0,127,141,2022
105,0,128,445,2022
106,0,129,141,2022
107,0,130,392,2022
108,0,131,174,2022
109,0,132,293,2022
110,0,133,179,2022
111,0,134,484,2022
112,0,135,2124,2022
113,0,136,2881,2022
114,0,137,78,2022
115,0,139,36,2022
116,0,140,99,2022
117,0,141,15,2022
118,0,143,65,2022
119,0,144,80,2022
120,0,145,31,2022
121,0,146,114,2022
122,0,147,113,2022
123,0,148,52,2022
124,0,149,666,2022
125,0,150,16,2022
126,0,151,22,2022
127,0,152,45,2022
128,0,154,49,2022
129,0,155,26,2022
130,0,156,60,2022
131,0,158,303,2022
132,0,160,75,2022
133,0,161,311,2022
134,0,163,58,2022
135,0,164,36,2022
136,0,165,38,2022
137,0,167,98,2022
138,0,168,22,2022
139,0,169,632,2022
140,0,170,163,2022
141,0,171,63,2022
142,0,173,125,2022
143,0,175,74,2022
144,0,176,32,2022
145,0,177,73,2022
146,0,178,2,2022
147,0,180,1144,2022
148,0,181,110,2022
149,0,185,55,2022
150,0,186,1142,2022
151,0,187,43,2022
152,0,188,14,2022
153,0,190,20,2022
154,0,192,45,2022
155,0,194,467,2022
156,0,195,50,2022
157,0,196,160,2022
158,0,197,369,2022
159,0,198,57,2022
160,0,199,273,2022
161,0,200,522,2022
162,0,201,19,2022
163,0,202,227,2022
164,0,203,28,2022
165,0,204,130,2022
166,0,205,27,2022
167,0,206,39,2022
168,0,3138,133354,2022
0,3,0,92,2022
1,4,0,59,2022
2,5,0,357,2022
3,6,0,134,2022
4,7,0,493,2022
5,8,0,57,2022
6,9,0,151,2022
7,11,0,265,2022
8,12,0,253,2022
9,13,0,30,2022
10,14,0,124,2022
11,15,0,346,2022
12,16,0,260,2022
13,17,0,216,2022
14,19,0,152,2022
15,21,0,49,2022
16,22,0,24,2022
17,24,0,120,2022
18,25,0,38,2022
19,26,0,107,2022
20,28,0,30,2022
21,29,0,636,2022
22,30,0,29,2022
23,31,0,39,2022
24,32,0,42,2022
25,33,0,35,2022
26,35,0,4809,2022
27,36,0,2897,2022
28,37,0,211,2022
29,38,0,220,2022
30,39,0,6286,2022
31,40,0,181,2022
32,41,0,294,2022
33,42,0,1951,2022
34,44,0,1670,2022
35,45,0,235,2022
36,46,0,131,2022
37,47,0,278,2022
38,48,0,326,2022
39,49,0,271,2022
40,50,0,951,2022
41,51,0,684,2022
42,52,0,354,2022
43,53,0,173,2022
44,55,0,253,2022
45,56,0,95,2022
46,57,0,28,2022
47,58,0,159,2022
48,59,0,430,2022
49,60,0,1268,2022
50,61,0,126,2022
51,62,0,65,2022
52,63,0,389,2022
53,64,0,300,2022
54,65,0,94,2022
55,66,0,107,2022
56,68,0,121,2022
57,69,0,171,2022
58,70,0,198,2022
59,71,0,112,2022
60,72,0,319,2022
61,73,0,1742,2022
62,74,0,145,2022
63,75,0,144,2022
64,76,0,150,2022
65,77,0,606,2022
66,78,0,162,2022
67,79,0,202,2022
68,80,0,262,2022
69,81,0,100,2022
70,82,0,383,2022
71,83,0,189,2022
72,84,0,160,2022
73,86,0,36,2022
74,87,0,54,2022
75,88,0,54,2022
76,89,0,24,2022
77,91,0,1066,2022
78,92,0,87,2022
79,93,0,40,2022
80,94,0,189,2022
81,95,0,36,2022
82,96,0,286,2022
83,99,0,36,2022
84,101,0,53,2022
85,103,0,610,2022
86,105,0,65,2022
87,107,0,101,2022
88,109,0,695,2022
89,110,0,74,2022
90,111,0,627,2022
91,112,0,68,2022
92,113,0,377,2022
93,114,0,70,2022
94,115,0,247,2022
95,117,0,359,2022
96,118,0,55,2022
97,119,0,22,2022
98,120,0,88,2022
99,121,0,79,2022
100,123,0,157,2022
101,124,0,111,2022
102,125,0,90,2022
103,126,0,159,2022
104,127,0,64,2022
105,128,0,321,2022
106,129,0,77,2022
107,130,0,133,2022
108,131,0,178,2022
109,132,0,123,2022
110,133,0,100,2022
111,134,0,215,2022
112,135,0,818,2022
113,136,0,877,2022
114,137,0,47,2022
115,139,0,38,2022
116,140,0,77,2022
117,141,0,48,2022
118,143,0,56,2022
119,144,0,121,2022
120,145,0,45,2022
121,146,0,103,2022
122,147,0,81,2022
123,148,0,109,2022
124,149,0,766,2022
125,150,0,18,2022
126,151,0,32,2022
127,152,0,53,2022
128,154,0,53,2022
129,155,0,39,2022
130,156,0,63,2022
131,158,0,353,2022
132,160,0,38,2022
133,161,0,236,2022
134,163,0,48,2022
135,164,0,40,2022
136,165,0,35,2022
137,167,0,117,2022
138,168,0,22,2022
139,169,0,531,2022
140,170,0,191,2022
141,171,0,70,2022
142,173,0,111,2022
143,175,0,51,2022
144,176,0,21,2022
145,177,0,92,2022
146,178,0,21,2022
147,180,0,995,2022
148,181,0,133,2022
149,185,0,54,2022
150,186,0,1324,2022
151,187,0,17,2022
152,188,0,26,2022
153,190,0,16,2022
154,192,0,35,2022
155,194,0,717,2022
156,195,0,80,2022
157,196,0,225,2022
158,197,0,576,2022
159,198,0,81,2022
160,199,0,289,2022
161,200,0,875,2022
162,201,0,13,2022
163,202,0,242,2022
164,203,0,35,2022
165,204,0,205,2022
166,205,0,45,2022
167,206,0,76,2022
168,3138,0,126783,2022
