,from_territory_id,to_territory_id,n_people
0,3,4,1
1,3,6,2
2,3,9,1
3,3,11,1
4,3,24,1
5,3,35,21
6,3,37,1
7,3,38,1
8,3,40,3
9,3,41,1
10,3,45,1
11,3,46,1
12,3,47,1
13,3,49,1
14,3,50,4
15,3,52,2
16,3,53,1
17,3,59,1
18,3,63,1
19,3,80,1
20,3,82,1
21,3,107,1
22,3,110,1
23,3,114,1
24,3,115,1
25,3,128,1
26,3,130,1
27,3,131,1
28,3,135,2
29,3,136,3
30,3,140,1
31,3,146,1
32,3,161,1
33,3,167,1
34,3,170,1
35,3,171,1
36,3,173,1
37,3,192,1
38,3,194,1
39,4,3,1
40,4,6,1
41,4,9,1
42,4,11,1
43,4,35,12
44,4,37,1
45,4,38,1
46,4,40,1
47,4,47,1
48,4,49,1
49,4,50,2
50,4,52,1
51,4,53,1
52,4,59,1
53,4,63,1
54,4,80,1
55,4,115,1
56,4,128,1
57,4,135,1
58,4,136,1
59,4,161,1
60,4,173,1
61,6,3,2
62,6,4,1
63,6,9,2
64,6,11,2
65,6,13,1
66,6,24,1
67,6,30,1
68,6,33,1
69,6,35,34
70,6,37,2
71,6,38,2
72,6,40,4
73,6,41,1
74,6,45,1
75,6,46,1
76,6,47,2
77,6,49,2
78,6,50,6
79,6,52,2
80,6,53,2
81,6,56,1
82,6,59,2
83,6,63,2
84,6,66,1
85,6,70,1
86,6,78,1
87,6,80,2
88,6,82,1
89,6,107,1
90,6,110,1
91,6,114,1
92,6,115,2
93,6,119,1
94,6,124,1
95,6,125,1
96,6,128,1
97,6,130,1
98,6,131,1
99,6,132,1
100,6,135,3
101,6,136,4
102,6,137,1
103,6,140,1
104,6,145,1
105,6,146,1
106,6,161,2
107,6,163,1
108,6,167,1
109,6,170,1
110,6,171,1
111,6,173,2
112,6,175,1
113,6,176,1
114,6,185,1
115,6,188,1
116,6,192,1
117,6,194,1
118,6,199,1
119,9,3,2
120,9,4,2
121,9,6,3
122,9,11,2
123,9,13,1
124,9,24,1
125,9,30,1
126,9,33,1
127,9,35,35
128,9,37,2
129,9,38,2
130,9,40,4
131,9,41,1
132,9,45,1
133,9,46,1
134,9,47,2
135,9,49,2
136,9,50,6
137,9,52,3
138,9,53,2
139,9,56,1
140,9,59,2
141,9,63,2
142,9,66,1
143,9,70,1
144,9,78,1
145,9,80,2
146,9,82,1
147,9,107,1
148,9,110,1
149,9,114,1
150,9,115,2
151,9,119,1
152,9,124,1
153,9,125,1
154,9,128,2
155,9,130,1
156,9,131,1
157,9,132,1
158,9,135,3
159,9,136,4
160,9,137,1
161,9,140,1
162,9,145,1
163,9,146,1
164,9,160,1
165,9,161,2
166,9,163,1
167,9,167,1
168,9,170,1
169,9,171,1
170,9,173,2
171,9,175,1
172,9,176,1
173,9,185,1
174,9,188,1
175,9,192,1
176,9,194,1
177,9,199,1
178,11,3,2
179,11,4,2
180,11,6,3
181,11,9,2
182,11,13,1
183,11,24,1
184,11,30,1
185,11,33,1
186,11,35,36
187,11,37,2
188,11,38,2
189,11,40,4
190,11,41,1
191,11,45,1
192,11,46,1
193,11,47,2
194,11,49,2
195,11,50,6
196,11,52,3
197,11,53,2
198,11,56,1
199,11,59,2
200,11,63,2
201,11,66,1
202,11,70,1
203,11,78,1
204,11,80,2
205,11,82,1
206,11,107,1
207,11,110,1
208,11,114,1
209,11,115,2
210,11,119,1
211,11,124,1
212,11,125,1
213,11,128,2
214,11,130,1
215,11,131,1
216,11,132,1
217,11,135,3
218,11,136,4
219,11,137,1
220,11,140,1
221,11,145,1
222,11,146,1
223,11,160,1
224,11,161,2
225,11,163,1
226,11,167,1
227,11,170,1
228,11,171,1
229,11,173,2
230,11,175,1
231,11,176,1
232,11,185,1
233,11,188,1
234,11,192,1
235,11,194,1
236,11,199,1
237,13,35,5
238,13,40,1
239,13,50,1
240,13,136,1
241,21,3,1
242,21,4,1
243,21,6,1
244,21,9,1
245,21,11,1
246,21,35,12
247,21,37,1
248,21,38,1
249,21,40,1
250,21,47,1
251,21,49,1
252,21,50,2
253,21,52,1
254,21,53,1
255,21,59,1
256,21,63,1
257,21,80,1
258,21,115,1
259,21,128,1
260,21,135,1
261,21,136,1
262,21,161,1
263,21,173,1
264,24,3,1
265,24,4,1
266,24,6,1
267,24,9,1
268,24,11,1
269,24,35,13
270,24,37,1
271,24,38,1
272,24,40,2
273,24,41,1
274,24,45,1
275,24,46,1
276,24,47,1
277,24,49,1
278,24,50,2
279,24,52,1
280,24,53,1
281,24,59,1
282,24,63,1
283,24,80,1
284,24,115,1
285,24,128,1
286,24,135,1
287,24,136,2
288,24,161,1
289,24,173,1
290,25,35,5
291,25,40,1
292,25,50,1
293,25,136,1
294,28,6,1
295,28,11,1
296,28,35,8
297,28,37,1
298,28,40,1
299,28,49,1
300,28,50,1
301,28,52,1
302,28,63,1
303,28,135,1
304,28,136,1
305,28,161,1
306,30,6,1
307,30,35,7
308,30,40,1
309,30,50,1
310,30,52,1
311,30,135,1
312,30,136,1
313,31,3,1
314,31,4,1
315,31,6,1
316,31,9,1
317,31,11,1
318,31,35,15
319,31,37,1
320,31,38,1
321,31,40,2
322,31,41,1
323,31,45,1
324,31,46,1
325,31,47,1
326,31,49,1
327,31,50,2
328,31,52,1
329,31,53,1
330,31,59,1
331,31,63,1
332,31,80,1
333,31,115,1
334,31,128,1
335,31,131,1
336,31,135,1
337,31,136,2
338,31,161,1
339,31,171,1
340,31,173,1
341,32,35,4
342,32,50,1
343,33,3,1
344,33,6,1
345,33,9,1
346,33,11,1
347,33,35,11
348,33,37,1
349,33,38,1
350,33,40,1
351,33,47,1
352,33,49,1
353,33,50,2
354,33,52,1
355,33,53,1
356,33,59,1
357,33,63,1
358,33,80,1
359,33,115,1
360,33,135,1
361,33,136,1
362,33,161,1
363,33,173,1
364,35,3,6
365,35,4,6
366,35,6,11
367,35,9,6
368,35,11,9
369,35,13,2
370,35,21,1
371,35,24,4
372,35,25,1
373,35,28,2
374,35,30,2
375,35,31,2
376,35,32,1
377,35,33,3
378,35,37,9
379,35,38,7
380,35,40,16
381,35,41,5
382,35,45,5
383,35,46,5
384,35,47,7
385,35,49,9
386,35,50,22
387,35,52,10
388,35,53,6
389,35,56,2
390,35,58,1
391,35,59,7
392,35,62,1
393,35,63,9
394,35,65,2
395,35,66,2
396,35,68,1
397,35,70,3
398,35,71,2
399,35,72,2
400,35,74,1
401,35,75,2
402,35,76,1
403,35,78,3
404,35,80,6
405,35,81,1
406,35,82,4
407,35,84,1
408,35,86,2
409,35,88,1
410,35,89,1
411,35,94,2
412,35,99,1
413,35,101,1
414,35,107,4
415,35,110,4
416,35,114,4
417,35,115,7
418,35,119,3
419,35,124,2
420,35,125,2
421,35,127,1
422,35,128,6
423,35,129,2
424,35,130,4
425,35,131,4
426,35,132,3
427,35,133,1
428,35,135,11
429,35,136,16
430,35,137,3
431,35,139,1
432,35,140,3
433,35,141,1
434,35,144,2
435,35,145,3
436,35,146,3
437,35,148,1
438,35,152,1
439,35,154,1
440,35,156,1
441,35,160,2
442,35,161,9
443,35,163,3
444,35,167,3
445,35,170,4
446,35,171,5
447,35,173,7
448,35,175,2
449,35,176,2
450,35,185,3
451,35,188,2
452,35,192,4
453,35,194,4
454,35,199,3
455,35,202,1
456,35,203,1
457,35,204,1
458,35,205,1
459,37,3,1
460,37,4,1
461,37,6,2
462,37,9,1
463,37,11,2
464,37,24,1
465,37,33,1
466,37,35,29
467,37,38,2
468,37,40,3
469,37,41,1
470,37,45,1
471,37,46,1
472,37,47,2
473,37,49,2
474,37,50,5
475,37,52,2
476,37,53,1
477,37,59,2
478,37,63,2
479,37,70,1
480,37,78,1
481,37,80,1
482,37,82,1
483,37,107,1
484,37,110,1
485,37,114,1
486,37,115,2
487,37,119,1
488,37,128,1
489,37,130,1
490,37,131,1
491,37,132,1
492,37,135,2
493,37,136,3
494,37,137,1
495,37,140,1
496,37,145,1
497,37,146,1
498,37,161,2
499,37,163,1
500,37,167,1
501,37,170,1
502,37,171,1
503,37,173,2
504,37,185,1
505,37,188,1
506,37,192,1
507,37,194,1
508,37,199,1
509,38,3,1
510,38,4,1
511,38,6,2
512,38,9,1
513,38,11,2
514,38,24,1
515,38,33,1
516,38,35,24
517,38,37,2
518,38,40,3
519,38,41,1
520,38,45,1
521,38,46,1
522,38,47,1
523,38,49,2
524,38,50,4
525,38,52,2
526,38,53,1
527,38,59,1
528,38,63,2
529,38,70,1
530,38,80,1
531,38,82,1
532,38,107,1
533,38,110,1
534,38,114,1
535,38,115,1
536,38,128,1
537,38,130,1
538,38,131,1
539,38,132,1
540,38,135,2
541,38,136,3
542,38,137,1
543,38,140,1
544,38,145,1
545,38,146,1
546,38,161,2
547,38,167,1
548,38,170,1
549,38,171,1
550,38,173,1
551,38,192,1
552,38,194,1
553,40,3,1
554,40,4,1
555,40,6,1
556,40,9,1
557,40,11,1
558,40,35,14
559,40,37,1
560,40,38,1
561,40,41,1
562,40,45,1
563,40,46,1
564,40,47,1
565,40,49,1
566,40,50,2
567,40,52,1
568,40,53,1
569,40,59,1
570,40,63,1
571,40,80,1
572,40,115,1
573,40,128,1
574,40,135,1
575,40,136,2
576,40,161,1
577,40,171,1
578,40,173,1
579,41,3,1
580,41,4,1
581,41,6,2
582,41,9,1
583,41,11,1
584,41,24,1
585,41,35,22
586,41,37,2
587,41,38,1
588,41,40,3
589,41,45,1
590,41,46,1
591,41,47,1
592,41,49,1
593,41,50,4
594,41,52,2
595,41,53,1
596,41,59,1
597,41,63,2
598,41,70,1
599,41,80,1
600,41,82,1
601,41,107,1
602,41,110,1
603,41,114,1
604,41,115,1
605,41,128,1
606,41,130,1
607,41,131,1
608,41,135,2
609,41,136,3
610,41,137,1
611,41,140,1
612,41,145,1
613,41,146,1
614,41,161,1
615,41,167,1
616,41,170,1
617,41,171,1
618,41,173,1
619,41,192,1
620,41,194,1
621,45,6,1
622,45,11,1
623,45,35,8
624,45,37,1
625,45,40,1
626,45,49,1
627,45,50,1
628,45,52,1
629,45,63,1
630,45,135,1
631,45,136,1
632,45,161,1
633,46,3,1
634,46,4,1
635,46,6,1
636,46,9,1
637,46,11,1
638,46,35,13
639,46,37,1
640,46,38,1
641,46,40,1
642,46,47,1
643,46,49,1
644,46,50,2
645,46,52,1
646,46,53,1
647,46,59,1
648,46,63,1
649,46,80,1
650,46,115,1
651,46,128,1
652,46,135,1
653,46,136,1
654,46,161,1
655,46,173,1
656,47,3,2
657,47,4,1
658,47,6,3
659,47,9,1
660,47,11,2
661,47,13,1
662,47,24,1
663,47,30,1
664,47,33,1
665,47,35,32
666,47,37,2
667,47,38,2
668,47,40,4
669,47,41,1
670,47,45,1
671,47,46,1
672,47,49,2
673,47,50,5
674,47,52,2
675,47,53,2
676,47,59,2
677,47,63,2
678,47,66,1
679,47,70,1
680,47,78,1
681,47,80,2
682,47,82,1
683,47,107,1
684,47,110,1
685,47,114,1
686,47,115,2
687,47,119,1
688,47,124,1
689,47,125,1
690,47,128,1
691,47,130,1
692,47,131,1
693,47,132,1
694,47,135,3
695,47,136,4
696,47,137,1
697,47,140,1
698,47,145,1
699,47,146,1
700,47,161,2
701,47,163,1
702,47,167,1
703,47,170,1
704,47,171,1
705,47,173,2
706,47,176,1
707,47,185,1
708,47,188,1
709,47,192,1
710,47,194,1
711,47,199,1
712,49,3,1
713,49,4,1
714,49,6,2
715,49,9,1
716,49,11,2
717,49,24,1
718,49,33,1
719,49,35,29
720,49,37,2
721,49,38,2
722,49,40,3
723,49,41,1
724,49,45,1
725,49,46,1
726,49,47,2
727,49,50,5
728,49,52,2
729,49,53,1
730,49,59,2
731,49,63,2
732,49,70,1
733,49,78,1
734,49,80,1
735,49,82,1
736,49,107,1
737,49,110,1
738,49,114,1
739,49,115,2
740,49,119,1
741,49,128,1
742,49,130,1
743,49,131,1
744,49,132,1
745,49,135,2
746,49,136,3
747,49,137,1
748,49,140,1
749,49,145,1
750,49,146,1
751,49,161,2
752,49,163,1
753,49,167,1
754,49,170,1
755,49,171,1
756,49,173,2
757,49,185,1
758,49,188,1
759,49,192,1
760,49,194,1
761,49,199,1
762,50,3,2
763,50,4,2
764,50,6,4
765,50,9,2
766,50,11,3
767,50,13,1
768,50,24,1
769,50,28,1
770,50,30,1
771,50,31,1
772,50,33,1
773,50,35,48
774,50,37,3
775,50,38,3
776,50,40,6
777,50,41,2
778,50,45,2
779,50,46,2
780,50,47,2
781,50,49,3
782,50,52,4
783,50,53,2
784,50,56,1
785,50,58,1
786,50,59,2
787,50,63,3
788,50,65,1
789,50,66,1
790,50,70,1
791,50,71,1
792,50,72,1
793,50,75,1
794,50,78,1
795,50,80,2
796,50,82,1
797,50,86,1
798,50,94,1
799,50,107,2
800,50,110,1
801,50,114,2
802,50,115,2
803,50,119,1
804,50,124,1
805,50,125,1
806,50,128,2
807,50,129,1
808,50,130,1
809,50,131,2
810,50,132,1
811,50,135,4
812,50,136,6
813,50,137,1
814,50,140,1
815,50,144,1
816,50,145,1
817,50,146,1
818,50,152,1
819,50,154,1
820,50,156,1
821,50,160,1
822,50,161,3
823,50,163,1
824,50,167,1
825,50,170,2
826,50,171,2
827,50,173,3
828,50,175,1
829,50,176,1
830,50,185,1
831,50,188,1
832,50,192,1
833,50,194,1
834,50,199,1
835,50,204,1
836,52,3,1
837,52,4,1
838,52,6,1
839,52,9,1
840,52,11,1
841,52,35,18
842,52,37,1
843,52,38,1
844,52,40,2
845,52,41,1
846,52,45,1
847,52,46,1
848,52,47,1
849,52,49,1
850,52,50,3
851,52,53,1
852,52,59,1
853,52,63,1
854,52,80,1
855,52,107,1
856,52,110,1
857,52,114,1
858,52,115,1
859,52,128,1
860,52,131,1
861,52,135,1
862,52,136,2
863,52,161,1
864,52,170,1
865,52,171,1
866,52,173,1
867,52,192,1
868,53,3,1
869,53,4,1
870,53,6,1
871,53,9,1
872,53,11,1
873,53,35,13
874,53,37,1
875,53,38,1
876,53,40,1
877,53,47,1
878,53,49,1
879,53,50,2
880,53,52,1
881,53,59,1
882,53,63,1
883,53,80,1
884,53,115,1
885,53,128,1
886,53,135,1
887,53,136,1
888,53,161,1
889,53,173,1
890,56,6,1
891,56,35,7
892,56,37,1
893,56,40,1
894,56,50,1
895,56,52,1
896,56,63,1
897,56,135,1
898,56,136,1
899,58,3,1
900,58,4,1
901,58,6,2
902,58,9,1
903,58,11,1
904,58,24,1
905,58,35,21
906,58,37,1
907,58,38,1
908,58,40,2
909,58,41,1
910,58,45,1
911,58,46,1
912,58,47,1
913,58,49,1
914,58,50,3
915,58,52,2
916,58,53,1
917,58,59,1
918,58,63,1
919,58,80,1
920,58,82,1
921,58,107,1
922,58,110,1
923,58,114,1
924,58,115,1
925,58,128,1
926,58,130,1
927,58,131,1
928,58,135,2
929,58,136,2
930,58,140,1
931,58,146,1
932,58,161,1
933,58,167,1
934,58,170,1
935,58,171,1
936,58,173,1
937,58,192,1
938,58,194,1
939,59,3,1
940,59,4,1
941,59,6,3
942,59,9,1
943,59,11,2
944,59,24,1
945,59,33,1
946,59,35,30
947,59,37,2
948,59,38,2
949,59,40,4
950,59,41,1
951,59,45,1
952,59,46,1
953,59,47,2
954,59,49,2
955,59,50,5
956,59,52,2
957,59,53,1
958,59,63,2
959,59,70,1
960,59,78,1
961,59,80,1
962,59,82,1
963,59,107,1
964,59,110,1
965,59,114,1
966,59,115,2
967,59,119,1
968,59,124,1
969,59,125,1
970,59,128,1
971,59,130,1
972,59,131,1
973,59,132,1
974,59,135,3
975,59,136,4
976,59,137,1
977,59,140,1
978,59,145,1
979,59,146,1
980,59,161,2
981,59,163,1
982,59,167,1
983,59,170,1
984,59,171,1
985,59,173,2
986,59,185,1
987,59,188,1
988,59,192,1
989,59,194,1
990,59,199,1
991,62,6,1
992,62,11,1
993,62,35,10
994,62,37,1
995,62,38,1
996,62,40,1
997,62,47,1
998,62,49,1
999,62,50,2
1000,62,52,1
1001,62,59,1
1002,62,63,1
1003,62,115,1
1004,62,135,1
1005,62,136,1
1006,62,161,1
1007,62,173,1
1008,63,3,1
1009,63,4,1
1010,63,6,2
1011,63,9,1
1012,63,11,1
1013,63,35,18
1014,63,37,1
1015,63,38,1
1016,63,40,2
1017,63,41,1
1018,63,45,1
1019,63,46,1
1020,63,47,1
1021,63,49,1
1022,63,50,3
1023,63,52,1
1024,63,53,1
1025,63,59,1
1026,63,80,1
1027,63,107,1
1028,63,110,1
1029,63,114,1
1030,63,115,1
1031,63,128,1
1032,63,131,1
1033,63,135,2
1034,63,136,2
1035,63,161,1
1036,63,170,1
1037,63,171,1
1038,63,173,1
1039,63,192,1
1040,65,3,1
1041,65,6,1
1042,65,9,1
1043,65,11,1
1044,65,35,11
1045,65,37,1
1046,65,38,1
1047,65,40,1
1048,65,47,1
1049,65,49,1
1050,65,50,2
1051,65,52,1
1052,65,53,1
1053,65,59,1
1054,65,63,1
1055,65,80,1
1056,65,115,1
1057,65,135,1
1058,65,136,1
1059,65,161,1
1060,65,173,1
1061,66,3,1
1062,66,6,1
1063,66,9,1
1064,66,11,1
1065,66,35,11
1066,66,37,1
1067,66,38,1
1068,66,40,1
1069,66,47,1
1070,66,49,1
1071,66,50,2
1072,66,52,1
1073,66,53,1
1074,66,59,1
1075,66,63,1
1076,66,80,1
1077,66,115,1
1078,66,135,1
1079,66,136,1
1080,66,161,1
1081,66,173,1
1082,68,6,1
1083,68,35,6
1084,68,40,1
1085,68,50,1
1086,68,135,1
1087,68,136,1
1088,70,3,1
1089,70,4,1
1090,70,6,1
1091,70,9,1
1092,70,11,1
1093,70,35,12
1094,70,37,1
1095,70,38,1
1096,70,40,1
1097,70,47,1
1098,70,49,1
1099,70,50,2
1100,70,52,1
1101,70,53,1
1102,70,59,1
1103,70,63,1
1104,70,80,1
1105,70,115,1
1106,70,128,1
1107,70,135,1
1108,70,136,1
1109,70,161,1
1110,70,173,1
1111,71,6,1
1112,71,11,1
1113,71,35,9
1114,71,37,1
1115,71,40,1
1116,71,49,1
1117,71,50,1
1118,71,52,1
1119,71,63,1
1120,71,135,1
1121,71,136,1
1122,71,161,1
1123,72,3,1
1124,72,4,1
1125,72,6,1
1126,72,9,1
1127,72,11,1
1128,72,35,17
1129,72,37,1
1130,72,38,1
1131,72,40,2
1132,72,41,1
1133,72,45,1
1134,72,46,1
1135,72,47,1
1136,72,49,1
1137,72,50,3
1138,72,52,1
1139,72,53,1
1140,72,59,1
1141,72,63,1
1142,72,80,1
1143,72,107,1
1144,72,114,1
1145,72,115,1
1146,72,128,1
1147,72,131,1
1148,72,135,1
1149,72,136,2
1150,72,161,1
1151,72,170,1
1152,72,171,1
1153,72,173,1
1154,72,192,1
1155,74,6,1
1156,74,11,1
1157,74,35,9
1158,74,37,1
1159,74,40,1
1160,74,49,1
1161,74,50,1
1162,74,52,1
1163,74,63,1
1164,74,135,1
1165,74,136,1
1166,74,161,1
1167,75,6,1
1168,75,11,1
1169,75,35,9
1170,75,37,1
1171,75,40,1
1172,75,49,1
1173,75,50,1
1174,75,52,1
1175,75,63,1
1176,75,135,1
1177,75,136,1
1178,75,161,1
1179,76,6,1
1180,76,11,1
1181,76,35,8
1182,76,37,1
1183,76,40,1
1184,76,49,1
1185,76,50,1
1186,76,52,1
1187,76,63,1
1188,76,135,1
1189,76,136,1
1190,76,161,1
1191,78,3,1
1192,78,4,1
1193,78,6,1
1194,78,9,1
1195,78,11,1
1196,78,35,12
1197,78,37,1
1198,78,38,1
1199,78,40,1
1200,78,47,1
1201,78,49,1
1202,78,50,2
1203,78,52,1
1204,78,53,1
1205,78,59,1
1206,78,63,1
1207,78,80,1
1208,78,115,1
1209,78,128,1
1210,78,135,1
1211,78,136,1
1212,78,161,1
1213,78,173,1
1214,80,3,1
1215,80,4,1
1216,80,6,1
1217,80,9,1
1218,80,11,1
1219,80,35,17
1220,80,37,1
1221,80,38,1
1222,80,40,2
1223,80,41,1
1224,80,45,1
1225,80,46,1
1226,80,47,1
1227,80,49,1
1228,80,50,3
1229,80,52,1
1230,80,53,1
1231,80,59,1
1232,80,63,1
1233,80,107,1
1234,80,110,1
1235,80,114,1
1236,80,115,1
1237,80,128,1
1238,80,131,1
1239,80,135,1
1240,80,136,2
1241,80,161,1
1242,80,170,1
1243,80,171,1
1244,80,173,1
1245,80,192,1
1246,81,6,1
1247,81,11,1
1248,81,35,8
1249,81,37,1
1250,81,40,1
1251,81,49,1
1252,81,50,1
1253,81,52,1
1254,81,63,1
1255,81,135,1
1256,81,136,1
1257,81,161,1
1258,82,3,1
1259,82,4,1
1260,82,6,3
1261,82,9,1
1262,82,11,2
1263,82,24,1
1264,82,33,1
1265,82,35,30
1266,82,37,2
1267,82,38,2
1268,82,40,4
1269,82,41,1
1270,82,45,1
1271,82,46,1
1272,82,47,2
1273,82,49,2
1274,82,50,5
1275,82,52,2
1276,82,53,1
1277,82,59,2
1278,82,63,2
1279,82,70,1
1280,82,78,1
1281,82,80,1
1282,82,107,1
1283,82,110,1
1284,82,114,1
1285,82,115,2
1286,82,119,1
1287,82,124,1
1288,82,125,1
1289,82,128,1
1290,82,130,1
1291,82,131,1
1292,82,132,1
1293,82,135,3
1294,82,136,4
1295,82,137,1
1296,82,140,1
1297,82,145,1
1298,82,146,1
1299,82,161,2
1300,82,163,1
1301,82,167,1
1302,82,170,1
1303,82,171,1
1304,82,173,2
1305,82,185,1
1306,82,188,1
1307,82,192,1
1308,82,194,1
1309,82,199,1
1310,84,6,1
1311,84,11,1
1312,84,35,10
1313,84,37,1
1314,84,38,1
1315,84,40,1
1316,84,47,1
1317,84,49,1
1318,84,50,2
1319,84,52,1
1320,84,59,1
1321,84,63,1
1322,84,80,1
1323,84,115,1
1324,84,135,1
1325,84,136,1
1326,84,161,1
1327,84,173,1
1328,86,35,4
1329,86,50,1
1330,88,35,4
1331,88,50,1
1332,89,35,2
1333,93,35,3
1334,94,3,1
1335,94,6,1
1336,94,11,1
1337,94,35,11
1338,94,37,1
1339,94,38,1
1340,94,40,1
1341,94,47,1
1342,94,49,1
1343,94,50,2
1344,94,52,1
1345,94,53,1
1346,94,59,1
1347,94,63,1
1348,94,80,1
1349,94,115,1
1350,94,135,1
1351,94,136,1
1352,94,161,1
1353,94,173,1
1354,95,35,1
1355,99,6,1
1356,99,35,7
1357,99,37,1
1358,99,40,1
1359,99,50,1
1360,99,52,1
1361,99,63,1
1362,99,135,1
1363,99,136,1
1364,101,3,1
1365,101,4,1
1366,101,6,1
1367,101,9,1
1368,101,11,1
1369,101,35,15
1370,101,37,1
1371,101,38,1
1372,101,40,2
1373,101,41,1
1374,101,45,1
1375,101,46,1
1376,101,47,1
1377,101,49,1
1378,101,50,2
1379,101,52,1
1380,101,53,1
1381,101,59,1
1382,101,63,1
1383,101,80,1
1384,101,115,1
1385,101,128,1
1386,101,131,1
1387,101,135,1
1388,101,136,2
1389,101,161,1
1390,101,171,1
1391,101,173,1
1392,107,3,1
1393,107,4,1
1394,107,6,1
1395,107,9,1
1396,107,11,1
1397,107,35,17
1398,107,37,1
1399,107,38,1
1400,107,40,2
1401,107,41,1
1402,107,45,1
1403,107,46,1
1404,107,47,1
1405,107,49,1
1406,107,50,3
1407,107,52,1
1408,107,53,1
1409,107,59,1
1410,107,63,1
1411,107,80,1
1412,107,110,1
1413,107,114,1
1414,107,115,1
1415,107,128,1
1416,107,131,1
1417,107,135,1
1418,107,136,2
1419,107,161,1
1420,107,170,1
1421,107,171,1
1422,107,173,1
1423,107,192,1
1424,110,3,1
1425,110,4,1
1426,110,6,2
1427,110,9,1
1428,110,11,1
1429,110,24,1
1430,110,35,20
1431,110,37,1
1432,110,38,1
1433,110,40,2
1434,110,41,1
1435,110,45,1
1436,110,46,1
1437,110,47,1
1438,110,49,1
1439,110,50,3
1440,110,52,1
1441,110,53,1
1442,110,59,1
1443,110,63,1
1444,110,80,1
1445,110,82,1
1446,110,107,1
1447,110,114,1
1448,110,115,1
1449,110,128,1
1450,110,130,1
1451,110,131,1
1452,110,135,2
1453,110,136,2
1454,110,146,1
1455,110,161,1
1456,110,170,1
1457,110,171,1
1458,110,173,1
1459,110,192,1
1460,110,194,1
1461,114,3,1
1462,114,4,1
1463,114,6,1
1464,114,9,1
1465,114,11,1
1466,114,35,17
1467,114,37,1
1468,114,38,1
1469,114,40,2
1470,114,41,1
1471,114,45,1
1472,114,46,1
1473,114,47,1
1474,114,49,1
1475,114,50,3
1476,114,52,1
1477,114,53,1
1478,114,59,1
1479,114,63,1
1480,114,80,1
1481,114,107,1
1482,114,110,1
1483,114,115,1
1484,114,128,1
1485,114,131,1
1486,114,135,1
1487,114,136,2
1488,114,161,1
1489,114,170,1
1490,114,171,1
1491,114,173,1
1492,114,192,1
1493,115,3,1
1494,115,4,1
1495,115,6,3
1496,115,9,1
1497,115,11,2
1498,115,13,1
1499,115,24,1
1500,115,30,1
1501,115,33,1
1502,115,35,32
1503,115,37,2
1504,115,38,2
1505,115,40,4
1506,115,41,1
1507,115,45,1
1508,115,46,1
1509,115,47,2
1510,115,49,2
1511,115,50,5
1512,115,52,2
1513,115,53,1
1514,115,59,2
1515,115,63,2
1516,115,66,1
1517,115,70,1
1518,115,78,1
1519,115,80,2
1520,115,82,1
1521,115,107,1
1522,115,110,1
1523,115,114,1
1524,115,119,1
1525,115,124,1
1526,115,125,1
1527,115,128,1
1528,115,130,1
1529,115,131,1
1530,115,132,1
1531,115,135,3
1532,115,136,4
1533,115,137,1
1534,115,140,1
1535,115,145,1
1536,115,146,1
1537,115,161,2
1538,115,163,1
1539,115,167,1
1540,115,170,1
1541,115,171,1
1542,115,173,2
1543,115,176,1
1544,115,185,1
1545,115,188,1
1546,115,192,1
1547,115,194,1
1548,115,199,1
1549,119,35,4
1550,119,50,1
1551,124,6,1
1552,124,35,7
1553,124,37,1
1554,124,40,1
1555,124,50,1
1556,124,52,1
1557,124,63,1
1558,124,135,1
1559,124,136,1
1560,125,35,4
1561,125,50,1
1562,127,35,6
1563,127,40,1
1564,127,50,1
1565,127,136,1
1566,128,3,1
1567,128,4,1
1568,128,6,2
1569,128,9,1
1570,128,11,1
1571,128,24,1
1572,128,35,22
1573,128,37,2
1574,128,38,1
1575,128,40,3
1576,128,41,1
1577,128,45,1
1578,128,46,1
1579,128,47,1
1580,128,49,1
1581,128,50,4
1582,128,52,2
1583,128,53,1
1584,128,59,1
1585,128,63,2
1586,128,70,1
1587,128,80,1
1588,128,82,1
1589,128,107,1
1590,128,110,1
1591,128,114,1
1592,128,115,1
1593,128,130,1
1594,128,131,1
1595,128,135,2
1596,128,136,3
1597,128,137,1
1598,128,140,1
1599,128,146,1
1600,128,161,1
1601,128,167,1
1602,128,170,1
1603,128,171,1
1604,128,173,1
1605,128,192,1
1606,128,194,1
1607,129,35,3
1608,130,6,1
1609,130,11,1
1610,130,35,10
1611,130,37,1
1612,130,38,1
1613,130,40,1
1614,130,47,1
1615,130,49,1
1616,130,50,2
1617,130,52,1
1618,130,59,1
1619,130,63,1
1620,130,115,1
1621,130,135,1
1622,130,136,1
1623,130,161,1
1624,130,173,1
1625,131,3,1
1626,131,4,1
1627,131,6,1
1628,131,9,1
1629,131,11,1
1630,131,35,15
1631,131,37,1
1632,131,38,1
1633,131,40,2
1634,131,41,1
1635,131,45,1
1636,131,46,1
1637,131,47,1
1638,131,49,1
1639,131,50,2
1640,131,52,1
1641,131,53,1
1642,131,59,1
1643,131,63,1
1644,131,80,1
1645,131,115,1
1646,131,128,1
1647,131,135,1
1648,131,136,2
1649,131,161,1
1650,131,171,1
1651,131,173,1
1652,132,35,3
1653,133,35,4
1654,133,50,1
1655,135,3,1
1656,135,4,1
1657,135,6,2
1658,135,9,1
1659,135,11,1
1660,135,35,18
1661,135,37,1
1662,135,38,1
1663,135,40,2
1664,135,41,1
1665,135,45,1
1666,135,46,1
1667,135,47,1
1668,135,49,1
1669,135,50,3
1670,135,52,1
1671,135,53,1
1672,135,59,1
1673,135,63,1
1674,135,80,1
1675,135,107,1
1676,135,110,1
1677,135,114,1
1678,135,115,1
1679,135,128,1
1680,135,131,1
1681,135,136,2
1682,135,161,1
1683,135,170,1
1684,135,171,1
1685,135,173,1
1686,135,192,1
1687,136,3,1
1688,136,4,1
1689,136,6,2
1690,136,9,1
1691,136,11,1
1692,136,24,1
1693,136,35,21
1694,136,37,1
1695,136,38,1
1696,136,40,3
1697,136,41,1
1698,136,45,1
1699,136,46,1
1700,136,47,1
1701,136,49,1
1702,136,50,4
1703,136,52,2
1704,136,53,1
1705,136,59,1
1706,136,63,1
1707,136,80,1
1708,136,82,1
1709,136,107,1
1710,136,110,1
1711,136,114,1
1712,136,115,1
1713,136,128,1
1714,136,130,1
1715,136,131,1
1716,136,135,2
1717,136,140,1
1718,136,146,1
1719,136,161,1
1720,136,167,1
1721,136,170,1
1722,136,171,1
1723,136,173,1
1724,136,192,1
1725,136,194,1
1726,137,6,1
1727,137,11,1
1728,137,35,8
1729,137,37,1
1730,137,40,1
1731,137,49,1
1732,137,50,1
1733,137,52,1
1734,137,63,1
1735,137,135,1
1736,137,136,1
1737,137,161,1
1738,139,35,5
1739,139,40,1
1740,139,50,1
1741,139,136,1
1742,140,3,1
1743,140,6,1
1744,140,11,1
1745,140,35,11
1746,140,37,1
1747,140,38,1
1748,140,40,1
1749,140,47,1
1750,140,49,1
1751,140,50,2
1752,140,52,1
1753,140,53,1
1754,140,59,1
1755,140,63,1
1756,140,80,1
1757,140,115,1
1758,140,135,1
1759,140,136,1
1760,140,161,1
1761,140,173,1
1762,141,35,6
1763,141,40,1
1764,141,50,1
1765,141,136,1
1766,144,6,1
1767,144,11,1
1768,144,35,9
1769,144,37,1
1770,144,40,1
1771,144,49,1
1772,144,50,2
1773,144,52,1
1774,144,63,1
1775,144,135,1
1776,144,136,1
1777,144,161,1
1778,145,6,1
1779,145,11,1
1780,145,35,8
1781,145,37,1
1782,145,40,1
1783,145,49,1
1784,145,50,1
1785,145,52,1
1786,145,63,1
1787,145,135,1
1788,145,136,1
1789,145,161,1
1790,146,35,5
1791,146,40,1
1792,146,50,1
1793,146,136,1
1794,148,6,1
1795,148,11,1
1796,148,35,8
1797,148,37,1
1798,148,40,1
1799,148,50,1
1800,148,52,1
1801,148,63,1
1802,148,135,1
1803,148,136,1
1804,148,161,1
1805,151,35,2
1806,152,6,1
1807,152,11,1
1808,152,35,8
1809,152,37,1
1810,152,40,1
1811,152,49,1
1812,152,50,1
1813,152,52,1
1814,152,63,1
1815,152,135,1
1816,152,136,1
1817,152,161,1
1818,154,3,1
1819,154,6,1
1820,154,9,1
1821,154,11,1
1822,154,35,11
1823,154,37,1
1824,154,38,1
1825,154,40,1
1826,154,47,1
1827,154,49,1
1828,154,50,2
1829,154,52,1
1830,154,53,1
1831,154,59,1
1832,154,63,1
1833,154,80,1
1834,154,115,1
1835,154,135,1
1836,154,136,1
1837,154,161,1
1838,154,173,1
1839,156,6,1
1840,156,11,1
1841,156,35,8
1842,156,37,1
1843,156,40,1
1844,156,49,1
1845,156,50,1
1846,156,52,1
1847,156,63,1
1848,156,135,1
1849,156,136,1
1850,156,161,1
1851,160,35,5
1852,160,40,1
1853,160,50,1
1854,160,136,1
1855,161,3,1
1856,161,4,1
1857,161,6,2
1858,161,9,1
1859,161,11,2
1860,161,24,1
1861,161,33,1
1862,161,35,27
1863,161,37,2
1864,161,38,1
1865,161,40,3
1866,161,41,1
1867,161,45,1
1868,161,46,1
1869,161,47,1
1870,161,49,2
1871,161,50,4
1872,161,52,2
1873,161,53,1
1874,161,59,1
1875,161,63,2
1876,161,70,1
1877,161,78,1
1878,161,80,1
1879,161,82,1
1880,161,107,1
1881,161,110,1
1882,161,114,1
1883,161,115,1
1884,161,119,1
1885,161,128,1
1886,161,130,1
1887,161,131,1
1888,161,132,1
1889,161,135,2
1890,161,136,3
1891,161,137,1
1892,161,140,1
1893,161,145,1
1894,161,146,1
1895,161,163,1
1896,161,167,1
1897,161,170,1
1898,161,171,1
1899,161,173,1
1900,161,185,1
1901,161,192,1
1902,161,194,1
1903,161,199,1
1904,163,3,1
1905,163,6,1
1906,163,11,1
1907,163,35,11
1908,163,37,1
1909,163,38,1
1910,163,40,1
1911,163,47,1
1912,163,49,1
1913,163,50,2
1914,163,52,1
1915,163,53,1
1916,163,59,1
1917,163,63,1
1918,163,80,1
1919,163,115,1
1920,163,135,1
1921,163,136,1
1922,163,161,1
1923,163,173,1
1924,165,35,4
1925,165,50,1
1926,167,3,1
1927,167,4,1
1928,167,6,1
1929,167,9,1
1930,167,11,1
1931,167,35,16
1932,167,37,1
1933,167,38,1
1934,167,40,2
1935,167,41,1
1936,167,45,1
1937,167,46,1
1938,167,47,1
1939,167,49,1
1940,167,50,3
1941,167,52,1
1942,167,53,1
1943,167,59,1
1944,167,63,1
1945,167,80,1
1946,167,107,1
1947,167,114,1
1948,167,115,1
1949,167,128,1
1950,167,131,1
1951,167,135,1
1952,167,136,2
1953,167,161,1
1954,167,170,1
1955,167,171,1
1956,167,173,1
1957,170,3,1
1958,170,4,1
1959,170,6,2
1960,170,9,1
1961,170,11,2
1962,170,24,1
1963,170,33,1
1964,170,35,28
1965,170,37,2
1966,170,38,2
1967,170,40,3
1968,170,41,1
1969,170,45,1
1970,170,46,1
1971,170,47,1
1972,170,49,2
1973,170,50,5
1974,170,52,2
1975,170,53,1
1976,170,59,1
1977,170,63,2
1978,170,70,1
1979,170,78,1
1980,170,80,1
1981,170,82,1
1982,170,107,1
1983,170,110,1
1984,170,114,1
1985,170,115,1
1986,170,119,1
1987,170,128,1
1988,170,130,1
1989,170,131,1
1990,170,132,1
1991,170,135,2
1992,170,136,3
1993,170,137,1
1994,170,140,1
1995,170,145,1
1996,170,146,1
1997,170,161,2
1998,170,163,1
1999,170,167,1
2000,170,171,1
2001,170,173,1
2002,170,185,1
2003,170,192,1
2004,170,194,1
2005,170,199,1
2006,171,6,1
2007,171,11,1
2008,171,35,9
2009,171,37,1
2010,171,40,1
2011,171,49,1
2012,171,50,2
2013,171,52,1
2014,171,63,1
2015,171,135,1
2016,171,136,1
2017,171,161,1
2018,173,3,1
2019,173,4,1
2020,173,6,2
2021,173,9,1
2022,173,11,1
2023,173,24,1
2024,173,35,21
2025,173,37,1
2026,173,38,1
2027,173,40,2
2028,173,41,1
2029,173,45,1
2030,173,46,1
2031,173,47,1
2032,173,49,1
2033,173,50,3
2034,173,52,2
2035,173,53,1
2036,173,59,1
2037,173,63,1
2038,173,80,1
2039,173,82,1
2040,173,107,1
2041,173,110,1
2042,173,114,1
2043,173,115,1
2044,173,128,1
2045,173,130,1
2046,173,131,1
2047,173,135,2
2048,173,136,2
2049,173,146,1
2050,173,161,1
2051,173,170,1
2052,173,171,1
2053,173,192,1
2054,173,194,1
2055,175,3,1
2056,175,6,1
2057,175,11,1
2058,175,35,11
2059,175,37,1
2060,175,38,1
2061,175,40,1
2062,175,47,1
2063,175,49,1
2064,175,50,2
2065,175,52,1
2066,175,53,1
2067,175,59,1
2068,175,63,1
2069,175,80,1
2070,175,115,1
2071,175,135,1
2072,175,136,1
2073,175,161,1
2074,175,173,1
2075,176,6,1
2076,176,35,7
2077,176,40,1
2078,176,50,1
2079,176,52,1
2080,176,135,1
2081,176,136,1
2082,185,3,1
2083,185,4,1
2084,185,6,1
2085,185,9,1
2086,185,11,1
2087,185,35,16
2088,185,37,1
2089,185,38,1
2090,185,40,2
2091,185,41,1
2092,185,45,1
2093,185,46,1
2094,185,47,1
2095,185,49,1
2096,185,50,3
2097,185,52,1
2098,185,53,1
2099,185,59,1
2100,185,63,1
2101,185,80,1
2102,185,107,1
2103,185,114,1
2104,185,115,1
2105,185,128,1
2106,185,131,1
2107,185,135,1
2108,185,136,2
2109,185,161,1
2110,185,170,1
2111,185,171,1
2112,185,173,1
2113,188,35,6
2114,188,40,1
2115,188,50,1
2116,188,136,1
2117,192,3,1
2118,192,6,1
2119,192,9,1
2120,192,11,1
2121,192,35,11
2122,192,37,1
2123,192,38,1
2124,192,40,1
2125,192,47,1
2126,192,49,1
2127,192,50,2
2128,192,52,1
2129,192,53,1
2130,192,59,1
2131,192,63,1
2132,192,80,1
2133,192,115,1
2134,192,135,1
2135,192,136,1
2136,192,161,1
2137,192,173,1
2138,194,3,1
2139,194,4,1
2140,194,6,1
2141,194,9,1
2142,194,11,1
2143,194,35,14
2144,194,37,1
2145,194,38,1
2146,194,40,2
2147,194,41,1
2148,194,45,1
2149,194,46,1
2150,194,47,1
2151,194,49,1
2152,194,50,2
2153,194,52,1
2154,194,53,1
2155,194,59,1
2156,194,63,1
2157,194,80,1
2158,194,115,1
2159,194,128,1
2160,194,135,1
2161,194,136,2
2162,194,161,1
2163,194,173,1
2164,199,3,1
2165,199,4,1
2166,199,6,2
2167,199,9,1
2168,199,11,1
2169,199,24,1
2170,199,35,22
2171,199,37,2
2172,199,38,1
2173,199,40,3
2174,199,41,1
2175,199,45,1
2176,199,46,1
2177,199,47,1
2178,199,49,1
2179,199,50,4
2180,199,52,2
2181,199,53,1
2182,199,59,1
2183,199,63,2
2184,199,70,1
2185,199,80,1
2186,199,82,1
2187,199,107,1
2188,199,110,1
2189,199,114,1
2190,199,115,1
2191,199,128,1
2192,199,130,1
2193,199,131,1
2194,199,135,2
2195,199,136,3
2196,199,137,1
2197,199,140,1
2198,199,146,1
2199,199,161,1
2200,199,167,1
2201,199,170,1
2202,199,171,1
2203,199,173,1
2204,199,192,1
2205,199,194,1
2206,201,35,1
2207,202,35,5
2208,202,40,1
2209,202,50,1
2210,202,136,1
2211,203,6,1
2212,203,35,6
2213,203,40,1
2214,203,50,1
2215,203,135,1
2216,203,136,1
2217,204,6,1
2218,204,11,1
2219,204,35,8
2220,204,37,1
2221,204,40,1
2222,204,49,1
2223,204,50,1
2224,204,52,1
2225,204,63,1
2226,204,135,1
2227,204,136,1
2228,204,161,1
2229,205,35,3
2230,205,50,1
0,0,3,104
1,0,4,53
2,0,6,133
3,0,9,148
4,0,11,285
5,0,13,36
6,0,21,30
7,0,24,109
8,0,25,32
9,0,28,40
10,0,30,69
11,0,31,44
12,0,32,41
13,0,33,71
14,0,35,13551
15,0,37,405
16,0,38,330
17,0,40,482
18,0,41,399
19,0,45,461
20,0,46,268
21,0,47,410
22,0,49,474
23,0,50,2019
24,0,52,890
25,0,53,279
26,0,56,46
27,0,58,91
28,0,59,436
29,0,62,36
30,0,63,582
31,0,65,49
32,0,66,126
33,0,68,57
34,0,70,138
35,0,71,50
36,0,72,139
37,0,74,63
38,0,75,76
39,0,76,57
40,0,78,133
41,0,80,181
42,0,81,52
43,0,82,167
44,0,84,99
45,0,86,38
46,0,88,62
47,0,89,33
48,0,93,40
49,0,94,264
50,0,95,15
51,0,99,24
52,0,101,29
53,0,107,130
54,0,110,116
55,0,114,162
56,0,115,183
57,0,119,37
58,0,124,81
59,0,125,162
60,0,127,71
61,0,128,358
62,0,129,88
63,0,130,190
64,0,131,140
65,0,132,183
66,0,133,173
67,0,135,1394
68,0,136,1527
69,0,137,96
70,0,139,42
71,0,140,57
72,0,141,13
73,0,144,63
74,0,145,73
75,0,146,140
76,0,148,45
77,0,151,24
78,0,152,46
79,0,154,34
80,0,156,70
81,0,160,83
82,0,161,297
83,0,163,54
84,0,165,31
85,0,167,122
86,0,170,240
87,0,171,68
88,0,173,106
89,0,175,95
90,0,176,37
91,0,185,41
92,0,188,24
93,0,192,46
94,0,194,599
95,0,199,205
96,0,201,5
97,0,202,173
98,0,203,20
99,0,204,115
100,0,205,23
0,3,0,60
1,4,0,58
2,6,0,87
3,9,0,175
4,11,0,228
5,13,0,41
6,21,0,45
7,24,0,106
8,25,0,27
9,28,0,33
10,30,0,34
11,31,0,24
12,32,0,39
13,33,0,39
14,35,0,4015
15,37,0,226
16,38,0,228
17,40,0,138
18,41,0,270
19,45,0,176
20,46,0,167
21,47,0,253
22,49,0,275
23,50,0,891
24,52,0,399
25,53,0,165
26,56,0,87
27,58,0,184
28,59,0,448
29,62,0,86
30,63,0,407
31,65,0,135
32,66,0,123
33,68,0,97
34,70,0,183
35,71,0,119
36,72,0,345
37,74,0,128
38,75,0,114
39,76,0,150
40,78,0,209
41,80,0,258
42,81,0,113
43,82,0,373
44,84,0,187
45,86,0,50
46,88,0,67
47,89,0,25
48,93,0,49
49,94,0,225
50,95,0,29
51,99,0,35
52,101,0,69
53,107,0,122
54,110,0,89
55,114,0,95
56,115,0,319
57,119,0,33
58,124,0,134
59,125,0,94
60,127,0,64
61,128,0,336
62,129,0,133
63,130,0,190
64,131,0,182
65,132,0,164
66,133,0,139
67,135,0,650
68,136,0,572
69,137,0,64
70,139,0,47
71,140,0,91
72,141,0,25
73,144,0,129
74,145,0,46
75,146,0,112
76,148,0,90
77,151,0,22
78,152,0,77
79,154,0,84
80,156,0,79
81,160,0,55
82,161,0,244
83,163,0,64
84,165,0,32
85,167,0,169
86,170,0,182
87,171,0,78
88,173,0,112
89,175,0,86
90,176,0,35
91,185,0,64
92,188,0,17
93,192,0,44
94,194,0,942
95,199,0,402
96,201,0,20
97,202,0,225
98,203,0,49
99,204,0,231
100,205,0,49
