Волховский муниципальный район,Unnamed: 1,Unnamed: 2,Unnamed: 3,Unnamed: 4,Unnamed: 5,Unnamed: 6,Unnamed: 7,Unnamed: 8,Unnamed: 9,Unnamed: 10
,2014.0,2015.0,2016.0,2017.0,2018.0,2019.0,2020.0,2021.0,2022.0,2023.0
Всего,94986.0,93343.0,92327.0,91268.0,90174.0,89070.0,88198.0,87167.0,80381.0,79417.0
Женщины,51041.0,50515.0,49930.0,49333.0,48610.0,47977.0,47458.0,46801.0,43367.0,42861.0
Мужчины,43945.0,42828.0,42397.0,41935.0,41564.0,41093.0,40740.0,40366.0,37014.0,36556.0
0,,,,,,,,,,
Всего,832.0,861.0,782.0,795.0,746.0,619.0,620.0,568.0,479.0,503.0
Женщины,415.0,407.0,385.0,400.0,351.0,317.0,323.0,274.0,220.0,256.0
Мужчины,417.0,454.0,397.0,395.0,395.0,302.0,297.0,294.0,259.0,247.0
1,,,,,,,,,,
Всего,853.0,833.0,860.0,784.0,779.0,739.0,621.0,620.0,451.0,474.0
Женщины,429.0,420.0,411.0,383.0,392.0,347.0,321.0,321.0,212.0,215.0
Мужчины,424.0,413.0,449.0,401.0,387.0,392.0,300.0,299.0,239.0,259.0
2,,,,,,,,,,
Всего,886.0,855.0,822.0,847.0,774.0,768.0,732.0,610.0,549.0,458.0
Женщины,427.0,435.0,418.0,404.0,378.0,393.0,348.0,312.0,274.0,214.0
Мужчины,459.0,420.0,404.0,443.0,396.0,375.0,384.0,298.0,275.0,244.0
0-2,,,,,,,,,,
Всего,2571.0,2549.0,2464.0,2426.0,2299.0,2126.0,1973.0,1798.0,1479.0,1435.0
Женщины,1271.0,1262.0,1214.0,1187.0,1121.0,1057.0,992.0,907.0,706.0,685.0
Мужчины,1300.0,1287.0,1250.0,1239.0,1178.0,1069.0,981.0,891.0,773.0,750.0
3,,,,,,,,,,
Всего,835.0,886.0,853.0,824.0,838.0,764.0,758.0,730.0,544.0,552.0
Женщины,419.0,430.0,430.0,419.0,400.0,372.0,385.0,346.0,287.0,276.0
Мужчины,416.0,456.0,423.0,405.0,438.0,392.0,373.0,384.0,257.0,276.0
4,,,,,,,,,,
Всего,914.0,826.0,873.0,844.0,825.0,829.0,767.0,766.0,629.0,547.0
Женщины,433.0,419.0,427.0,432.0,420.0,398.0,377.0,390.0,313.0,284.0
Мужчины,481.0,407.0,446.0,412.0,405.0,431.0,390.0,376.0,316.0,263.0
0-4,,,,,,,,,,
Всего,4320.0,4261.0,4190.0,4094.0,3962.0,3719.0,3498.0,3294.0,2652.0,2534.0
Женщины,2123.0,2111.0,2071.0,2038.0,1941.0,1827.0,1754.0,1643.0,1306.0,1245.0
Мужчины,2197.0,2150.0,2119.0,2056.0,2021.0,1892.0,1744.0,1651.0,1346.0,1289.0
5,,,,,,,,,,
Всего,961.0,904.0,825.0,869.0,838.0,831.0,830.0,771.0,708.0,629.0
Женщины,427.0,432.0,416.0,430.0,429.0,422.0,394.0,380.0,347.0,306.0
Мужчины,534.0,472.0,409.0,439.0,409.0,409.0,436.0,391.0,361.0,323.0
от 3-5,,,,,,,,,,
Всего,2710.0,2616.0,2551.0,2537.0,2501.0,2424.0,2355.0,2267.0,1881.0,1728.0
Женщины,1279.0,1281.0,1273.0,1281.0,1249.0,1192.0,1156.0,1116.0,947.0,866.0
Мужчины,1431.0,1335.0,1278.0,1256.0,1252.0,1232.0,1199.0,1151.0,934.0,862.0
от 5-9,,,,,,,,,,
Всего,,,4363.0,4408.0,4349.0,4215.0,4145.0,4111.0,3588.0,3530.0
Женщины,,,2101.0,2133.0,2099.0,2097.0,2071.0,2049.0,1721.0,1700.0
Мужчины,,,2262.0,2275.0,2250.0,2118.0,2074.0,2062.0,1867.0,1830.0
6,,,,,,,,,,
Всего,888.0,954.0,889.0,809.0,857.0,822.0,828.0,820.0,702.0,710.0
Женщины,442.0,428.0,422.0,409.0,424.0,423.0,428.0,396.0,337.0,350.0
Мужчины,446.0,526.0,467.0,400.0,433.0,399.0,400.0,424.0,365.0,360.0
1-6 лет,,,,,,,,,,
Всего,5337.0,5258.0,5122.0,4977.0,4911.0,4753.0,4536.0,4317.0,3583.0,3370.0
Женщины,2577.0,2564.0,2524.0,2477.0,2443.0,2355.0,2253.0,2145.0,1770.0,1645.0
Мужчины,2760.0,2694.0,2598.0,2500.0,2468.0,2398.0,2283.0,2172.0,1813.0,1725.0
7,,,,,,,,,,
Всего,831.0,888.0,944.0,885.0,804.0,852.0,804.0,827.0,753.0,708.0
Женщины,397.0,444.0,425.0,420.0,400.0,426.0,414.0,428.0,358.0,338.0
Мужчины,434.0,444.0,519.0,465.0,404.0,426.0,390.0,399.0,395.0,370.0
8,,,,,,,,,,
Всего,811.0,822.0,886.0,954.0,901.0,800.0,868.0,818.0,723.0,767.0
Женщины,397.0,396.0,441.0,431.0,422.0,397.0,430.0,416.0,348.0,360.0
Мужчины,414.0,426.0,445.0,523.0,479.0,403.0,438.0,402.0,375.0,407.0
9,,,,,,,,,,
Всего,859.0,804.0,819.0,891.0,949.0,910.0,815.0,875.0,702.0,716.0
Женщины,424.0,396.0,397.0,443.0,424.0,429.0,405.0,429.0,331.0,346.0
Мужчины,435.0,408.0,422.0,448.0,525.0,481.0,410.0,446.0,371.0,370.0
10,,,,,,,,,,
Всего,857.0,850.0,803.0,820.0,899.0,943.0,911.0,823.0,720.0,718.0
Женщины,419.0,422.0,396.0,394.0,446.0,427.0,429.0,409.0,360.0,339.0
Мужчины,438.0,428.0,407.0,426.0,453.0,516.0,482.0,414.0,360.0,379.0
11,,,,,,,,,,
Всего,799.0,848.0,858.0,799.0,825.0,896.0,939.0,918.0,766.0,715.0
Женщины,387.0,417.0,423.0,397.0,395.0,439.0,427.0,433.0,370.0,352.0
Мужчины,412.0,431.0,435.0,402.0,430.0,457.0,512.0,485.0,396.0,363.0
12,,,,,,,,,,
Всего,788.0,793.0,848.0,855.0,802.0,810.0,892.0,948.0,745.0,762.0
Женщины,378.0,387.0,416.0,423.0,395.0,390.0,445.0,428.0,357.0,363.0
Мужчины,410.0,406.0,432.0,432.0,407.0,420.0,447.0,520.0,388.0,399.0
13,,,,,,,,,,
Всего,746.0,778.0,795.0,845.0,856.0,797.0,825.0,899.0,789.0,751.0
Женщины,370.0,375.0,391.0,415.0,423.0,390.0,395.0,450.0,378.0,360.0
Мужчины,376.0,403.0,404.0,430.0,433.0,407.0,430.0,449.0,411.0,391.0
8-13 лет,,,,,,,,,,
Всего,4860.0,4895.0,5009.0,5164.0,5232.0,5156.0,5250.0,5281.0,4445.0,4429.0
Женщины,2375.0,2393.0,2464.0,2503.0,2505.0,2472.0,2531.0,2565.0,2144.0,2120.0
Мужчины,2485.0,2502.0,2545.0,2661.0,2727.0,2684.0,2719.0,2716.0,2301.0,2309.0
14,,,,,,,,,,
Всего,720.0,736.0,780.0,787.0,845.0,847.0,791.0,837.0,750.0,786.0
Женщины,364.0,368.0,378.0,384.0,413.0,418.0,387.0,406.0,379.0,376.0
Мужчины,356.0,368.0,402.0,403.0,432.0,429.0,404.0,431.0,371.0,410.0
0-14,,,,,,,,,,
Всего,12580.0,12638.0,12637.0,12608.0,12538.0,12227.0,12001.0,11830.0,10010.0,9796.0
Женщины,6128.0,6176.0,6176.0,6184.0,6112.0,5988.0,5908.0,5818.0,4871.0,4735.0
Мужчины,6452.0,6462.0,6461.0,6424.0,6426.0,6239.0,6093.0,6012.0,5139.0,5061.0
от 10-14,,,,,,,,,,
Всего,3910.0,4005.0,4084.0,4106.0,4227.0,4293.0,4358.0,4425.0,3770.0,3732.0
Женщины,1918.0,1969.0,2004.0,2013.0,2072.0,2064.0,2083.0,2126.0,1844.0,1790.0
Мужчины,1992.0,2036.0,2080.0,2093.0,2155.0,2229.0,2275.0,2299.0,1926.0,1942.0
14-15,,,,,,,,,,
Всего,1436.0,1451.0,1522.0,1563.0,1632.0,1698.0,1645.0,1634.0,1473.0,1527.0
Женщины,699.0,732.0,745.0,759.0,797.0,834.0,809.0,789.0,721.0,749.0
Мужчины,737.0,719.0,777.0,804.0,835.0,864.0,836.0,845.0,752.0,778.0
15,,,,,,,,,,
Всего,716.0,715.0,742.0,776.0,787.0,851.0,854.0,797.0,723.0,741.0
Женщины,335.0,364.0,367.0,375.0,384.0,416.0,422.0,383.0,342.0,373.0
Мужчины,381.0,351.0,375.0,401.0,403.0,435.0,432.0,414.0,381.0,368.0
16,,,,,,,,,,
Всего,745.0,712.0,709.0,735.0,781.0,774.0,840.0,877.0,719.0,703.0
Женщины,354.0,336.0,359.0,356.0,371.0,373.0,409.0,424.0,357.0,331.0
Мужчины,391.0,376.0,350.0,379.0,410.0,401.0,431.0,453.0,362.0,372.0
17,,,,,,,,,,
Всего,,,720.0,713.0,739.0,768.0,767.0,839.0,808.0,711.0
Женщины,,,336.0,348.0,350.0,358.0,367.0,416.0,382.0,351.0
Мужчины,,,384.0,365.0,389.0,410.0,400.0,423.0,426.0,360.0
5-17,,,,,,,,,,
Всего,,,10618.0,10738.0,10883.0,10901.0,10964.0,11049.0,9608.0,9417.0
Женщины,,,5167.0,5225.0,5276.0,5308.0,5352.0,5398.0,4646.0,4545.0
Мужчины,,,5451.0,5513.0,5607.0,5593.0,5612.0,5651.0,4962.0,4872.0
5-18 лет,,,,,,,,,,
Всего,,,,,,,,,,10144.0
Женщины,,,,,,,,,,4931.0
Мужчины,,,,,,,,,,5213.0
0-17,,,,,,,,,,
Всего,14824.0,14804.0,14808.0,14832.0,14845.0,14620.0,14462.0,14343.0,12260.0,11951.0
Женщины,7187.0,7229.0,7238.0,7263.0,7217.0,7135.0,7106.0,7041.0,5952.0,5790.0
Мужчины,7637.0,7575.0,7570.0,7569.0,7628.0,7485.0,7356.0,7302.0,6308.0,6161.0
16-17,,,,,,,,,,
Всего,1528.0,1451.0,1429.0,1448.0,1520.0,1542.0,1607.0,1716.0,1527.0,1414.0
Женщины,724.0,689.0,695.0,704.0,721.0,731.0,776.0,840.0,739.0,682.0
Мужчины,804.0,762.0,734.0,744.0,799.0,811.0,831.0,876.0,788.0,732.0
18,,,,,,,,,,
Всего,831.0,806.0,688.0,704.0,665.0,678.0,732.0,751.0,699.0,727.0
Женщины,348.0,369.0,330.0,309.0,312.0,316.0,345.0,364.0,335.0,386.0
Мужчины,483.0,437.0,358.0,395.0,353.0,362.0,387.0,387.0,364.0,341.0
19,,,,,,,,,,
Всего,793.0,872.0,807.0,701.0,678.0,670.0,672.0,738.0,684.0,646.0
Женщины,341.0,350.0,366.0,322.0,291.0,311.0,322.0,348.0,334.0,338.0
Мужчины,452.0,522.0,441.0,379.0,387.0,359.0,350.0,390.0,350.0,308.0
15-19,,,,,,,,,,
Всего,3868.0,3844.0,3666.0,3629.0,3650.0,3741.0,3865.0,4002.0,3633.0,3528.0
Женщины,1748.0,1772.0,1758.0,1710.0,1708.0,1774.0,1865.0,1935.0,1750.0,1779.0
Мужчины,2120.0,2072.0,1908.0,1919.0,1942.0,1967.0,2000.0,2067.0,1883.0,1749.0
18-19,,,,,,,,,,
Всего,1624.0,1678.0,1495.0,1405.0,1343.0,1348.0,1404.0,1489.0,1383.0,1373.0
Женщины,689.0,719.0,696.0,631.0,603.0,627.0,667.0,712.0,669.0,724.0
Мужчины,935.0,959.0,799.0,774.0,740.0,721.0,737.0,777.0,714.0,649.0
20,,,,,,,,,,
Всего,840.0,778.0,887.0,801.0,693.0,654.0,687.0,693.0,699.0,671.0
Женщины,331.0,344.0,368.0,373.0,318.0,289.0,321.0,340.0,334.0,345.0
Мужчины,509.0,434.0,519.0,428.0,375.0,365.0,366.0,353.0,365.0,326.0
21,,,,,,,,,,
Всего,994.0,828.0,785.0,875.0,794.0,694.0,658.0,688.0,687.0,763.0
Женщины,413.0,333.0,348.0,367.0,376.0,320.0,295.0,324.0,351.0,347.0
Мужчины,581.0,495.0,437.0,508.0,418.0,374.0,363.0,364.0,336.0,416.0
22,,,,,,,,,,
Всего,1066.0,974.0,859.0,802.0,909.0,795.0,743.0,700.0,684.0,750.0
Женщины,537.0,416.0,359.0,358.0,396.0,381.0,353.0,315.0,335.0,360.0
Мужчины,529.0,558.0,500.0,444.0,513.0,414.0,390.0,385.0,349.0,390.0
23,,,,,,,,,,
Всего,1263.0,1073.0,1007.0,872.0,814.0,926.0,832.0,753.0,620.0,722.0
Женщины,605.0,547.0,420.0,361.0,368.0,411.0,401.0,345.0,286.0,355.0
Мужчины,658.0,526.0,587.0,511.0,446.0,515.0,431.0,408.0,334.0,367.0
24,,,,,,,,,,
Всего,1490.0,1255.0,1091.0,999.0,871.0,825.0,936.0,840.0,627.0,631.0
Женщины,726.0,615.0,550.0,417.0,356.0,366.0,407.0,405.0,299.0,287.0
Мужчины,764.0,640.0,541.0,582.0,515.0,459.0,529.0,435.0,328.0,344.0
20-24,,,,,,,,,,
Всего,5653.0,4908.0,4629.0,4349.0,4081.0,3894.0,3856.0,3674.0,3317.0,3537.0
Женщины,2612.0,2255.0,2045.0,1876.0,1814.0,1767.0,1777.0,1729.0,1605.0,1694.0
Мужчины,3041.0,2653.0,2584.0,2473.0,2267.0,2127.0,2079.0,1945.0,1712.0,1843.0
25,,,,,,,,,,
Всего,1639.0,1467.0,1249.0,1081.0,983.0,864.0,829.0,927.0,674.0,638.0
Женщины,755.0,731.0,602.0,555.0,405.0,352.0,363.0,403.0,328.0,298.0
Мужчины,884.0,736.0,647.0,526.0,578.0,512.0,466.0,524.0,346.0,340.0
26,,,,,,,,,,
Всего,1656.0,1637.0,1443.0,1244.0,1069.0,986.0,873.0,823.0,773.0,667.0
Женщины,719.0,760.0,721.0,595.0,537.0,403.0,357.0,350.0,372.0,319.0
Мужчины,937.0,877.0,722.0,649.0,532.0,583.0,516.0,473.0,401.0,348.0
27,,,,,,,,,,
Всего,1692.0,1645.0,1628.0,1407.0,1233.0,1061.0,984.0,883.0,640.0,766.0
Женщины,792.0,721.0,751.0,698.0,597.0,538.0,406.0,362.0,280.0,368.0
Мужчины,900.0,924.0,877.0,709.0,636.0,523.0,578.0,521.0,360.0,398.0
28,,,,,,,,,,
Всего,1617.0,1681.0,1606.0,1605.0,1388.0,1213.0,1061.0,969.0,712.0,624.0
Женщины,725.0,793.0,689.0,733.0,683.0,586.0,534.0,396.0,346.0,272.0
Мужчины,892.0,888.0,917.0,872.0,705.0,627.0,527.0,573.0,366.0,352.0
29,,,,,,,,,,
Всего,1604.0,1598.0,1647.0,1588.0,1597.0,1354.0,1216.0,1054.0,791.0,701.0
Женщины,729.0,721.0,771.0,684.0,722.0,669.0,587.0,528.0,365.0,337.0
Мужчины,875.0,877.0,876.0,904.0,875.0,685.0,629.0,526.0,426.0,364.0
25-29,,,,,,,,,,
Всего,8208.0,8028.0,7573.0,6925.0,6270.0,5478.0,4963.0,4656.0,3590.0,3396.0
Женщины,3720.0,3726.0,3534.0,3265.0,2944.0,2548.0,2247.0,2039.0,1691.0,1594.0
Мужчины,4488.0,4302.0,4039.0,3660.0,3326.0,2930.0,2716.0,2617.0,1899.0,1802.0
16-29,,,,,,,,,,
Всего,17013.0,16065.0,15126.0,14127.0,13214.0,12262.0,11830.0,11535.0,9817.0,9720.0
Женщины,7745.0,7389.0,6970.0,6476.0,6082.0,5673.0,5467.0,5320.0,4704.0,4694.0
Мужчины,9268.0,8676.0,8156.0,7651.0,7132.0,6589.0,6363.0,6215.0,5113.0,5026.0
30,,,,,,,,,,
Всего,1539.0,1588.0,1565.0,1625.0,1565.0,1569.0,1363.0,1202.0,984.0,786.0
Женщины,651.0,728.0,702.0,764.0,676.0,703.0,666.0,577.0,472.0,361.0
Мужчины,888.0,860.0,863.0,861.0,889.0,866.0,697.0,625.0,512.0,425.0
до 30,,,,,,,,,,
Всего,,,,,,,,,20550.0,20257.0
Женщины,,,,,,,,,9917.0,9802.0
Мужчины,,,,,,,,,10633.0,10455.0
31,,,,,,,,,,
Всего,1553.0,1513.0,1532.0,1534.0,1605.0,1547.0,1565.0,1363.0,1159.0,976.0
Женщины,734.0,649.0,697.0,680.0,752.0,667.0,699.0,662.0,563.0,462.0
Мужчины,819.0,864.0,835.0,854.0,853.0,880.0,866.0,701.0,596.0,514.0
32,,,,,,,,,,
Всего,1425.0,1528.0,1490.0,1513.0,1497.0,1595.0,1514.0,1548.0,1273.0,1144.0
Женщины,702.0,729.0,632.0,687.0,672.0,744.0,654.0,698.0,597.0,557.0
Мужчины,723.0,799.0,858.0,826.0,825.0,851.0,860.0,850.0,676.0,587.0
33,,,,,,,,,,
Всего,1509.0,1400.0,1507.0,1457.0,1482.0,1490.0,1585.0,1500.0,1382.0,1254.0
Женщины,701.0,697.0,707.0,609.0,669.0,660.0,735.0,642.0,656.0,579.0
Мужчины,808.0,703.0,800.0,848.0,813.0,830.0,850.0,858.0,726.0,675.0
34,,,,,,,,,,
Всего,1346.0,1481.0,1372.0,1486.0,1437.0,1466.0,1505.0,1555.0,1403.0,1361.0
Женщины,660.0,690.0,686.0,701.0,599.0,663.0,669.0,710.0,633.0,644.0
Мужчины,686.0,791.0,686.0,785.0,838.0,803.0,836.0,845.0,770.0,717.0
30-34,,,,,,,,,,
Всего,7372.0,7510.0,7466.0,7615.0,7586.0,7667.0,7532.0,7168.0,6201.0,5521.0
Женщины,3448.0,3493.0,3424.0,3441.0,3368.0,3437.0,3423.0,3289.0,2921.0,2603.0
Мужчины,3924.0,4017.0,4042.0,4174.0,4218.0,4230.0,4109.0,3879.0,3280.0,2918.0
35,,,,,,,,,,
Всего,1503.0,1329.0,1464.0,1345.0,1473.0,1418.0,1430.0,1486.0,1501.0,1386.0
Женщины,684.0,655.0,687.0,672.0,696.0,603.0,644.0,665.0,685.0,633.0
Мужчины,819.0,674.0,777.0,673.0,777.0,815.0,786.0,821.0,816.0,753.0
36,,,,,,,,,,
Всего,1411.0,1480.0,1308.0,1445.0,1312.0,1468.0,1418.0,1417.0,1475.0,1509.0
Женщины,684.0,680.0,654.0,671.0,656.0,694.0,611.0,645.0,712.0,685.0
Мужчины,727.0,800.0,654.0,774.0,656.0,774.0,807.0,772.0,763.0,824.0
37,,,,,,,,,,
Всего,1349.0,1390.0,1461.0,1300.0,1420.0,1298.0,1448.0,1420.0,1347.0,1455.0
Женщины,668.0,680.0,686.0,645.0,658.0,648.0,680.0,604.0,645.0,710.0
Мужчины,681.0,710.0,775.0,655.0,762.0,650.0,768.0,816.0,702.0,745.0
38,,,,,,,,,,
Всего,1465.0,1328.0,1381.0,1439.0,1279.0,1411.0,1289.0,1437.0,1390.0,1330.0
Женщины,700.0,665.0,676.0,681.0,637.0,659.0,637.0,671.0,673.0,647.0
Мужчины,765.0,663.0,705.0,758.0,642.0,752.0,652.0,766.0,717.0,683.0
39,,,,,,,,,,
Всего,1398.0,1445.0,1318.0,1370.0,1435.0,1253.0,1399.0,1271.0,1254.0,1366.0
Женщины,725.0,699.0,662.0,677.0,676.0,623.0,652.0,630.0,608.0,660.0
Мужчины,673.0,746.0,656.0,693.0,759.0,630.0,747.0,641.0,646.0,706.0
30-39,,,,,,,,,,
Всего,,,,,,,14516.0,14199.0,13168.0,12567.0
Женщины,,,,,,,6647.0,6504.0,6244.0,5938.0
Мужчины,,,,,,,7869.0,7695.0,6924.0,6629.0
35-39,,,,,,,,,,
Всего,7126.0,6972.0,6932.0,6899.0,6919.0,6848.0,6984.0,7031.0,6967.0,7046.0
Женщины,3461.0,3379.0,3365.0,3346.0,3323.0,3227.0,3224.0,3215.0,3323.0,3335.0
Мужчины,3665.0,3593.0,3567.0,3553.0,3596.0,3621.0,3760.0,3816.0,3644.0,3711.0
40,,,,,,,,,,
Всего,1355.0,1374.0,1432.0,1302.0,1348.0,1411.0,1243.0,1413.0,1263.0,1240.0
Женщины,651.0,720.0,690.0,661.0,665.0,664.0,617.0,664.0,630.0,595.0
Мужчины,704.0,654.0,742.0,641.0,683.0,747.0,626.0,749.0,633.0,645.0
41,,,,,,,,,,
Всего,1295.0,1335.0,1369.0,1420.0,1281.0,1354.0,1398.0,1224.0,1351.0,1241.0
Женщины,630.0,651.0,716.0,689.0,650.0,665.0,660.0,614.0,674.0,621.0
Мужчины,665.0,684.0,653.0,731.0,631.0,689.0,738.0,610.0,677.0,620.0
42,,,,,,,,,,
Всего,1300.0,1278.0,1328.0,1364.0,1425.0,1285.0,1338.0,1374.0,1189.0,1332.0
Женщины,650.0,627.0,648.0,713.0,690.0,658.0,662.0,647.0,601.0,664.0
Мужчины,650.0,651.0,680.0,651.0,735.0,627.0,676.0,727.0,588.0,668.0
43,,,,,,,,,,
Всего,1252.0,1275.0,1273.0,1324.0,1355.0,1405.0,1275.0,1341.0,1307.0,1164.0
Женщины,587.0,647.0,615.0,645.0,705.0,680.0,658.0,668.0,666.0,597.0
Мужчины,665.0,628.0,658.0,679.0,650.0,725.0,617.0,673.0,641.0,567.0
44,,,,,,,,,,
Всего,1157.0,1227.0,1275.0,1264.0,1316.0,1348.0,1383.0,1259.0,1203.0,1308.0
Женщины,532.0,579.0,650.0,613.0,642.0,708.0,674.0,657.0,610.0,668.0
Мужчины,625.0,648.0,625.0,651.0,674.0,640.0,709.0,602.0,593.0,640.0
40-44,,,,,,,,,,
Всего,6359.0,6489.0,6677.0,6674.0,6725.0,6803.0,6637.0,6611.0,6313.0,6285.0
Женщины,3050.0,3224.0,3319.0,3321.0,3352.0,3375.0,3271.0,3250.0,3181.0,3145.0
Мужчины,3309.0,3265.0,3358.0,3353.0,3373.0,3428.0,3366.0,3361.0,3132.0,3140.0
45,,,,,,,,,,
Всего,1144.0,1133.0,1213.0,1267.0,1256.0,1294.0,1354.0,1372.0,1308.0,1184.0
Женщины,548.0,528.0,576.0,646.0,609.0,629.0,706.0,662.0,643.0,595.0
Мужчины,596.0,605.0,637.0,621.0,647.0,665.0,648.0,710.0,665.0,589.0
46,,,,,,,,,,
Всего,1112.0,1126.0,1131.0,1201.0,1259.0,1236.0,1305.0,1351.0,1283.0,1302.0
Женщины,564.0,545.0,531.0,574.0,642.0,605.0,634.0,709.0,655.0,647.0
Мужчины,548.0,581.0,600.0,627.0,617.0,631.0,671.0,642.0,628.0,655.0
47,,,,,,,,,,
Всего,1195.0,1083.0,1111.0,1127.0,1184.0,1259.0,1236.0,1309.0,1266.0,1266.0
Женщины,617.0,559.0,544.0,529.0,570.0,640.0,595.0,639.0,661.0,653.0
Мужчины,578.0,524.0,567.0,598.0,614.0,619.0,641.0,670.0,605.0,613.0
48,,,,,,,,,,
Всего,1191.0,1171.0,1073.0,1099.0,1109.0,1180.0,1245.0,1220.0,1212.0,1251.0
Женщины,592.0,612.0,556.0,534.0,520.0,570.0,633.0,588.0,632.0,662.0
Мужчины,599.0,559.0,517.0,565.0,589.0,610.0,612.0,632.0,580.0,589.0
49,,,,,,,,,,
Всего,1307.0,1160.0,1152.0,1055.0,1096.0,1101.0,1167.0,1227.0,1131.0,1200.0
Женщины,678.0,585.0,600.0,552.0,536.0,522.0,563.0,623.0,583.0,629.0
Мужчины,629.0,575.0,552.0,503.0,560.0,579.0,604.0,604.0,548.0,571.0
15-49,,,,,,,,,,
Всего,44535.0,43424.0,42623.0,41840.0,41135.0,40501.0,40144.0,39621.0,36221.0,35516.0
Женщины,21038.0,20678.0,20252.0,19794.0,19386.0,19094.0,18938.0,18678.0,17645.0,17336.0
Мужчины,23497.0,22746.0,22371.0,22046.0,21749.0,21407.0,21206.0,20943.0,18576.0,18180.0
40-49,,,,,,,,,,
Всего,,,,,,,12944.0,13090.0,12513.0,12488.0
Женщины,,,,,,,6402.0,6471.0,6355.0,6331.0
Мужчины,,,,,,,6542.0,6619.0,6158.0,6157.0
45-49,,,,,,,,,,
Всего,5949.0,5673.0,5680.0,5749.0,5904.0,6070.0,6307.0,6479.0,6200.0,6203.0
Женщины,2999.0,2829.0,2807.0,2835.0,2877.0,2966.0,3131.0,3221.0,3174.0,3186.0
Мужчины,2950.0,2844.0,2873.0,2914.0,3027.0,3104.0,3176.0,3258.0,3026.0,3017.0
50,,,,,,,,,,
Всего,1405.0,1283.0,1147.0,1148.0,1051.0,1097.0,1098.0,1155.0,1172.0,1114.0
Женщины,717.0,672.0,579.0,597.0,550.0,536.0,520.0,562.0,606.0,577.0
Мужчины,688.0,611.0,568.0,551.0,501.0,561.0,578.0,593.0,566.0,537.0
51,,,,,,,,,,
Всего,1372.0,1373.0,1279.0,1127.0,1144.0,1030.0,1077.0,1090.0,1164.0,1149.0
Женщины,734.0,707.0,661.0,571.0,595.0,542.0,531.0,521.0,582.0,596.0
Мужчины,638.0,666.0,618.0,556.0,549.0,488.0,546.0,569.0,582.0,553.0
52,,,,,,,,,,
Всего,1454.0,1340.0,1362.0,1271.0,1111.0,1132.0,1020.0,1065.0,1072.0,1160.0
Женщины,810.0,730.0,703.0,661.0,561.0,591.0,538.0,527.0,542.0,580.0
Мужчины,644.0,610.0,659.0,610.0,550.0,541.0,482.0,538.0,530.0,580.0
53,,,,,,,,,,
Всего,1543.0,1419.0,1327.0,1339.0,1258.0,1095.0,1114.0,1011.0,1019.0,1060.0
Женщины,910.0,801.0,729.0,695.0,655.0,548.0,591.0,535.0,523.0,538.0
Мужчины,633.0,618.0,598.0,644.0,603.0,547.0,523.0,476.0,496.0,522.0
54,,,,,,,,,,
Всего,1580.0,1495.0,1403.0,1311.0,1341.0,1248.0,1084.0,1102.0,1000.0,1010.0
Женщины,850.0,896.0,800.0,727.0,703.0,649.0,551.0,591.0,536.0,517.0
Мужчины,730.0,599.0,603.0,584.0,638.0,599.0,533.0,511.0,464.0,493.0
50-54,,,,,,,,,,
Всего,7354.0,6910.0,6518.0,6196.0,5905.0,5602.0,5393.0,5423.0,5427.0,5493.0
Женщины,4021.0,3806.0,3472.0,3251.0,3064.0,2866.0,2731.0,2736.0,2789.0,2808.0
Мужчины,3333.0,3104.0,3046.0,2945.0,2841.0,2736.0,2662.0,2687.0,2638.0,2685.0
55,,,,,,,,,,
Всего,1452.0,1535.0,1469.0,1399.0,1302.0,1323.0,1240.0,1079.0,963.0,996.0
Женщины,826.0,839.0,886.0,805.0,719.0,689.0,650.0,550.0,518.0,541.0
Мужчины,626.0,696.0,583.0,594.0,583.0,634.0,590.0,529.0,445.0,455.0
56,,,,,,,,,,
Всего,1455.0,1406.0,1516.0,1446.0,1395.0,1285.0,1300.0,1217.0,1149.0,944.0
Женщины,809.0,811.0,826.0,880.0,804.0,713.0,681.0,641.0,625.0,516.0
Мужчины,646.0,595.0,690.0,566.0,591.0,572.0,619.0,576.0,524.0,428.0
57,,,,,,,,,,
Всего,1432.0,1415.0,1395.0,1505.0,1434.0,1381.0,1269.0,1278.0,1109.0,1129.0
Женщины,819.0,796.0,806.0,824.0,876.0,801.0,703.0,678.0,593.0,619.0
Мужчины,613.0,619.0,589.0,681.0,558.0,580.0,566.0,600.0,516.0,510.0
58,,,,,,,,,,
Всего,1679.0,1386.0,1396.0,1382.0,1483.0,1415.0,1351.0,1240.0,1232.0,1083.0
Женщины,977.0,806.0,789.0,806.0,815.0,874.0,792.0,684.0,663.0,585.0
Мужчины,702.0,580.0,607.0,576.0,668.0,541.0,559.0,556.0,569.0,498.0
59,,,,,,,,,,
Всего,1614.0,1629.0,1349.0,1377.0,1376.0,1462.0,1390.0,1328.0,1306.0,1209.0
Женщины,961.0,961.0,801.0,789.0,802.0,809.0,879.0,783.0,755.0,662.0
Мужчины,653.0,668.0,548.0,588.0,574.0,653.0,511.0,545.0,551.0,547.0
50-59,,,,,,,,,,
Всего,,,,,,,11943.0,11565.0,11186.0,10854.0
Женщины,,,,,,,6436.0,6072.0,5943.0,5731.0
Мужчины,,,,,,,5507.0,5493.0,5243.0,5123.0
55-59,,,,,,,,,,
Всего,7632.0,7371.0,7125.0,7109.0,6990.0,6866.0,6550.0,6142.0,5759.0,5361.0
Женщины,4392.0,4213.0,4108.0,4104.0,4016.0,3886.0,3705.0,3336.0,3154.0,2923.0
Мужчины,3240.0,3158.0,3017.0,3005.0,2974.0,2980.0,2845.0,2806.0,2605.0,2438.0
60,,,,,,,,,,
Всего,1310.0,1553.0,1613.0,1327.0,1351.0,1370.0,1429.0,1373.0,1391.0,1282.0
Женщины,834.0,944.0,955.0,794.0,775.0,795.0,801.0,874.0,781.0,742.0
Мужчины,476.0,609.0,658.0,533.0,576.0,575.0,628.0,499.0,610.0,540.0
61,,,,,,,,,,
Всего,1443.0,1261.0,1529.0,1569.0,1307.0,1323.0,1347.0,1406.0,1409.0,1365.0
Женщины,815.0,818.0,938.0,935.0,791.0,772.0,779.0,796.0,825.0,770.0
Мужчины,628.0,443.0,591.0,634.0,516.0,551.0,568.0,610.0,584.0,595.0
62,,,,,,,,,,
Всего,1382.0,1398.0,1230.0,1500.0,1533.0,1287.0,1301.0,1312.0,1315.0,1390.0
Женщины,845.0,806.0,806.0,932.0,926.0,792.0,760.0,768.0,762.0,821.0
Мужчины,537.0,592.0,424.0,568.0,607.0,495.0,541.0,544.0,553.0,569.0
63,,,,,,,,,,
Всего,1167.0,1335.0,1391.0,1205.0,1468.0,1495.0,1261.0,1289.0,1342.0,1304.0
Женщины,808.0,832.0,807.0,802.0,917.0,905.0,790.0,753.0,829.0,773.0
Мужчины,359.0,503.0,584.0,403.0,551.0,590.0,471.0,536.0,513.0,531.0
64,,,,,,,,,,
Всего,1478.0,1125.0,1310.0,1368.0,1164.0,1441.0,1461.0,1231.0,1241.0,1309.0
Женщины,982.0,787.0,820.0,800.0,784.0,903.0,883.0,785.0,743.0,811.0
Мужчины,496.0,338.0,490.0,568.0,380.0,538.0,578.0,446.0,498.0,498.0
60-64,,,,,,,,,,
Всего,6780.0,6672.0,7073.0,6969.0,6823.0,6916.0,6799.0,6611.0,6698.0,6650.0
Женщины,4284.0,4187.0,4326.0,4263.0,4193.0,4167.0,4013.0,3976.0,3940.0,3917.0
Мужчины,2496.0,2485.0,2747.0,2706.0,2630.0,2749.0,2786.0,2635.0,2758.0,2733.0
60-65,,,,,,,,,,
Всего,,,1095.0,1292.0,1334.0,1144.0,8201.0,8042.0,8017.0,7867.0
Женщины,,,773.0,818.0,787.0,783.0,4908.0,4850.0,4698.0,4654.0
Мужчины,,,322.0,474.0,547.0,361.0,3293.0,3192.0,3319.0,3213.0
старше 65,,,,,,,,,,
Всего,,,4039.0,4194.0,4512.0,4758.0,15909.0,16109.0,14947.0,15384.0
Женщины,,,2672.0,2873.0,3073.0,3182.0,11268.0,11383.0,10210.0,10405.0
Мужчины,,,1367.0,1321.0,1439.0,1576.0,4641.0,4726.0,4737.0,4979.0
65,,,,,,,,,,
Всего,1037.0,1421.0,1095.0,1292.0,1334.0,1144.0,1402.0,1431.0,1319.0,1217.0
Женщины,638.0,960.0,773.0,818.0,787.0,783.0,895.0,874.0,758.0,737.0
Мужчины,399.0,461.0,322.0,474.0,547.0,361.0,507.0,557.0,561.0,480.0
66,,,,,,,,,,
Всего,926.0,993.0,1381.0,1058.0,1243.0,1294.0,1124.0,1355.0,1316.0,1283.0
Женщины,588.0,622.0,950.0,761.0,798.0,766.0,780.0,873.0,803.0,746.0
Мужчины,338.0,371.0,431.0,297.0,445.0,528.0,344.0,482.0,513.0,537.0
67,,,,,,,,,,
Всего,874.0,892.0,975.0,1346.0,1023.0,1206.0,1249.0,1094.0,1269.0,1293.0
Женщины,555.0,575.0,619.0,935.0,745.0,781.0,744.0,770.0,799.0,799.0
Мужчины,319.0,317.0,356.0,411.0,278.0,425.0,505.0,324.0,470.0,494.0
68,,,,,,,,,,
Всего,399.0,835.0,871.0,954.0,1310.0,994.0,1158.0,1224.0,1140.0,1227.0
Женщины,389.0,541.0,570.0,616.0,924.0,731.0,751.0,734.0,716.0,778.0
Мужчины,10.0,294.0,301.0,338.0,386.0,263.0,407.0,490.0,424.0,449.0
69,,,,,,,,,,
Всего,423.0,384.0,812.0,836.0,936.0,1264.0,959.0,1125.0,1137.0,1102.0
Женщины,242.0,378.0,533.0,561.0,606.0,904.0,718.0,735.0,692.0,689.0
Мужчины,181.0,6.0,279.0,275.0,330.0,360.0,241.0,390.0,445.0,413.0
65-69,,,,,,,,,,
Всего,3659.0,4525.0,5134.0,5486.0,5846.0,5902.0,5892.0,6229.0,6181.0,6122.0
Женщины,2412.0,3076.0,3445.0,3691.0,3860.0,3965.0,3888.0,3986.0,3768.0,3749.0
Мужчины,1247.0,1449.0,1689.0,1795.0,1986.0,1937.0,2004.0,2243.0,2413.0,2373.0
70 и старше,,,,,,,,,,
Всего,12446.0,11803.0,11217.0,11060.0,10937.0,11056.0,11419.0,11311.0,10085.0,10479.0
Женщины,8766.0,8379.0,8151.0,8046.0,7979.0,8011.0,8275.0,8271.0,7200.0,7393.0
Мужчины,3680.0,3424.0,3066.0,3014.0,2958.0,3045.0,3144.0,3040.0,2885.0,3086.0
70-74,,,,,,,,,,
Всего,3243.0,2792.0,2413.0,2291.0,2556.0,3113.0,3865.0,4285.0,,
Женщины,2328.0,1913.0,1748.0,1611.0,1836.0,2166.0,2762.0,3039.0,,
Мужчины,915.0,879.0,665.0,680.0,720.0,947.0,1103.0,1246.0,,
75-79,,,,,,,,,,
Всего,3327.0,3512.0,3327.0,3498.0,3110.0,2549.0,2236.0,1945.0,,
Женщины,2666.0,2858.0,2680.0,2752.0,2355.0,1938.0,1602.0,1452.0,,
Мужчины,661.0,654.0,647.0,746.0,755.0,611.0,634.0,493.0,,
80-84 года,,,,,,,,,,
Всего,3982.0,2718.0,2525.0,2185.0,2066.0,2353.0,2535.0,2274.0,2257.0,1944.0
Женщины,1974.0,1530.0,1758.0,1484.0,1775.0,2015.0,2182.0,1936.0,1772.0,1521.0
Мужчины,2008.0,1188.0,767.0,701.0,291.0,338.0,353.0,338.0,485.0,423.0
85-89 лет,,,,,,,,,,
Всего,1802.0,2706.0,2898.0,3039.0,2344.0,2187.0,1451.0,1490.0,956.0,1093.0
Женщины,1743.0,2042.0,1945.0,2184.0,1185.0,1066.0,794.0,1070.0,761.0,861.0
Мужчины,59.0,664.0,953.0,855.0,1159.0,1121.0,657.0,420.0,195.0,232.0
90-94 года,,,,,,,,,,
Всего,39.0,39.0,25.0,18.0,837.0,832.0,1307.0,1295.0,361.0,351.0
Женщины,18.0,11.0,4.0,5.0,821.0,819.0,931.0,772.0,307.0,287.0
Мужчины,21.0,28.0,21.0,13.0,16.0,13.0,376.0,523.0,54.0,64.0
95-99 лет,,,,,,,,,,
Всего,41.0,27.0,20.0,19.0,15.0,9.0,13.0,13.0,63.0,63.0
Женщины,29.0,19.0,10.0,6.0,4.0,2.0,0.0,0.0,60.0,59.0
Мужчины,12.0,8.0,10.0,13.0,11.0,7.0,13.0,13.0,3.0,4.0
100 и более лет,,,,,,,,,,
Всего,12.0,9.0,9.0,10.0,9.0,13.0,12.0,9.0,3.0,2.0
Женщины,8.0,6.0,6.0,4.0,3.0,5.0,4.0,2.0,2.0,1.0
Мужчины,4.0,3.0,3.0,6.0,6.0,8.0,8.0,7.0,1.0,1.0
моложе трудоспособного возраста,,,,,,,,,,
Всего,13296.0,13353.0,13379.0,13384.0,13325.0,13078.0,12855.0,12627.0,10733.0,10537.0
Женщины,6463.0,6540.0,6543.0,6559.0,6496.0,6404.0,6330.0,6201.0,5213.0,5108.0
Мужчины,6833.0,6813.0,6836.0,6825.0,6829.0,6674.0,6525.0,6426.0,5520.0,5429.0
трудоспособный возраст,,,,,,,,,,
Всего,54413.0,52777.0,51416.0,50265.0,49227.0,48232.0,48806.0,48102.0,45867.0,44898.0
Женщины,24724.0,24120.0,23357.0,22670.0,22066.0,21544.0,21897.0,21581.0,21235.0,20828.0
Мужчины,29689.0,28657.0,28059.0,27595.0,27161.0,26688.0,26909.0,26521.0,24632.0,24070.0
старше трудоспособного возраста,,,,,,,,,,
Всего,27277.0,27213.0,27532.0,27619.0,27622.0,27760.0,26537.0,26438.0,23781.0,23982.0
Женщины,19854.0,19855.0,20030.0,20104.0,20048.0,20029.0,19231.0,19019.0,16919.0,16925.0
Мужчины,7423.0,7358.0,7502.0,7515.0,7574.0,7731.0,7306.0,7419.0,6862.0,7057.0
